drug_name,trust_score,total_reviews,positive_reviews,side_effects,age_completion,gender_completion
yellow fever vaccine,1.0,1,1,0,0.0,0.0
zenatane,1.0,2,2,0,0.5,0.5
zelapar,1.0,1,1,0,0.0,0.0
zyrtec-d,1.0,1,1,0,0.0,0.0
zovia 1 / 50,1.0,1,1,0,0.0,0.0
xerac ac,1.0,2,2,0,0.0,0.0
xenaderm,1.0,1,1,0,0.0,0.0
exparel,1.0,1,1,0,0.0,0.0
xopenex hfa,1.0,1,1,0,0.0,0.0
excedrin back & body,1.0,1,1,0,0.0,0.0
chaparral,1.0,1,1,0,0.0,0.0
nimodipine,1.0,1,1,0,0.0,1.0
nimotop,1.0,1,1,0,0.0,0.0
nitrolingual pumpspray,1.0,2,2,0,0.0,0.0
children's motrin,1.0,1,1,0,0.0,0.0
chloral hydrate,1.0,1,1,0,0.0,0.0
chlorcyclizine / phenylephrine,1.0,1,1,0,0.0,0.0
orudis kt,1.0,1,1,0,0.0,0.0
ortho d,1.0,1,1,0,0.0,0.0
oraqix,1.0,1,1,0,0.0,1.0
nicotrol ns,1.0,1,1,0,0.0,0.0
neutrasal,1.0,2,2,0,0.0,0.0
cetirizine / pseudoephedrine,1.0,1,1,0,0.0,0.0
opcon-a,1.0,1,1,0,1.0,0.0
opium deodorized,1.0,2,2,0,0.0,0.0
caverject,1.0,1,1,0,0.0,0.0
pamabrom,1.0,2,2,0,0.0,0.0
noritate,1.0,1,1,0,0.0,0.0
carbinoxamine,1.0,1,1,0,0.0,0.0
carafate,1.0,2,2,0,0.0,0.0
florinef acetate,1.0,1,1,0,0.0,0.0
alclometasone,1.0,1,1,0,0.0,0.0
aldactazide,1.0,1,1,0,0.0,0.0
dyazide,1.0,1,1,0,0.0,1.0
dynacirc cr,1.0,1,1,0,0.0,0.0
firazyr,1.0,1,1,0,0.0,0.0
e-z-gas ii,1.0,1,1,0,0.0,0.0
e.e.s.-400,1.0,1,1,0,0.0,0.0
flunisolide,1.0,1,1,0,0.0,0.0
fleet phospho soda,1.0,1,1,0,0.0,0.0
advil cold and sinus liqui-gels,1.0,1,1,0,0.0,0.0
advil liqui-gels,1.0,1,1,0,0.0,0.0
addyi,1.0,1,1,0,0.0,0.0
vanspar,1.0,1,1,0,0.0,0.0
vagistat-1,1.0,3,3,0,0.0,0.0
alahist lq,1.0,1,1,0,0.0,0.0
tudorza pressair,1.0,3,3,0,0.0,0.3333333333333333
tums regular strength,1.0,3,3,0,0.0,0.0
tussicaps,1.0,2,2,0,0.0,0.5
ubiquinone,1.0,1,1,0,0.0,0.0
glyxambi,1.0,2,2,0,0.0,0.0
aluminum hydroxide / magnesium hydroxide / simethicone,1.0,1,1,0,0.0,0.0
terazol 3,1.0,1,1,0,0.0,0.0
amethyst,1.0,1,1,0,0.0,1.0
gas-x,1.0,1,1,0,0.0,0.0
galantamine,1.0,2,2,0,0.0,0.0
freshkote,1.0,1,1,0,0.0,0.0
generlac,1.0,1,1,0,0.0,0.0
genteal,1.0,1,1,0,0.0,0.0
glyburide / metformin,1.0,1,1,0,0.0,0.0
trolamine salicylate,1.0,3,3,0,0.0,0.0
fosrenol,1.0,1,1,0,0.0,0.0
flurbiprofen,1.0,1,1,0,0.0,0.0
doxorubicin,1.0,1,1,0,0.0,0.0
trezix,1.0,1,1,0,0.0,0.0
aliskiren / hydrochlorothiazide,1.0,1,1,0,0.0,0.0
allegra-d 12 hour,1.0,1,1,0,0.0,0.0
tricor,1.0,2,2,0,0.0,0.0
tri-lo-marzia,1.0,1,1,0,0.0,1.0
mysoline,1.0,2,2,0,0.0,0.0
olux,1.0,2,2,0,0.0,0.0
olysio,1.0,1,1,0,0.0,0.0
nystatin / triamcinolone,1.0,3,3,0,0.0,0.0
nystop,1.0,1,1,0,0.0,0.0
chlorpheniramine / hydrocodone / pseudoephedrine,1.0,1,1,0,0.0,0.0
chlorpheniramine / dextromethorphan / phenylephrine,1.0,1,1,0,0.0,0.0
myophen,1.0,1,1,0,0.0,0.0
pemoline,1.0,1,1,0,0.0,0.0
pegaptanib,1.0,1,1,0,0.0,0.0
phenylephrine / pramoxine,1.0,1,1,0,0.0,0.0
patanol,1.0,4,4,0,0.0,0.5
calci-chew,1.0,1,1,0,0.0,0.0
percodan,1.0,2,2,0,0.0,0.0
dolobid,1.0,1,1,0,0.0,1.0
succinylcholine,1.0,1,1,0,0.0,0.0
stimate,1.0,1,1,0,0.0,0.0
stiolto respimat,1.0,4,4,0,0.0,0.0
gris-peg,1.0,1,1,0,0.0,0.0
disalcid,1.0,1,1,0,0.0,0.0
hexachlorophene,1.0,1,1,0,0.0,0.0
tolectin ds,1.0,1,1,0,0.0,0.0
halaven,1.0,1,1,0,0.0,1.0
amcinonide,1.0,1,1,0,0.0,0.0
altavera,1.0,1,1,0,0.0,0.0
theophylline,1.0,1,1,0,0.0,0.0
theratears,1.0,1,1,0,0.0,0.0
microzide,1.0,1,1,0,0.0,1.0
migergot,1.0,1,1,0,0.0,0.0
milk of magnesia,1.0,2,2,0,0.0,0.5
monistat 1-day or night combination pack,1.0,3,3,0,0.0,1.0
caltrate 600+d,1.0,1,1,0,0.0,0.0
mg217 medicated tar,1.0,1,1,0,0.0,0.0
miacalcin nasal,1.0,1,1,0,0.0,0.0
metolazone,1.0,1,1,0,0.0,1.0
methergine,1.0,2,2,0,0.0,0.5
bronkaid,1.0,1,1,0,0.0,0.0
procrit,1.0,1,1,0,0.0,0.0
primatene,1.0,1,1,0,0.0,0.0
brimonidine / timolol,1.0,2,2,0,0.0,0.0
blistex,1.0,1,1,0,0.0,0.0
prascion ra,1.0,1,1,0,0.0,0.0
bumetanide,1.0,1,1,0,0.0,0.0
buprenex,1.0,1,1,0,0.0,0.0
inova 4 / 1,1.0,1,1,0,0.0,0.0
sine-off maximum strength,1.0,1,1,0,0.0,0.0
sinequan,1.0,1,1,0,0.0,0.0
arcalyst,1.0,1,1,0,0.0,0.0
icatibant,1.0,1,1,0,0.0,0.0
diazepam intensol,1.0,1,1,0,0.0,1.0
dextromethorphan / promethazine,1.0,1,1,0,0.0,0.0
dextrostat,1.0,1,1,0,0.0,0.0
insulin isophane,1.0,1,1,0,0.0,0.0
synarel,1.0,1,1,0,0.0,0.0
hyosyne,1.0,1,1,0,0.0,0.0
immune globulin intravenous,1.0,1,1,0,0.0,0.0
ansaid,1.0,1,1,0,0.0,0.0
anacin,1.0,2,2,0,0.0,0.0
analpram-hc,1.0,1,1,0,0.0,0.0
symax duotab,1.0,1,1,0,0.0,0.0
anucort-hc,1.0,1,1,0,0.0,0.0
pyridostigmine,1.0,4,4,0,0.25,0.5
prosom,1.0,1,1,0,0.0,0.0
pletal,1.0,1,1,0,0.0,0.0
proventil,1.0,2,2,0,0.0,0.0
prodrin,1.0,1,1,0,0.0,0.0
bisacodyl / polyethylene glycol 3350 / potassium chloride / sodium bicarbonate / sodium chloride,1.0,1,1,0,0.0,0.0
bismuth subgallate,1.0,1,1,0,0.0,0.0
pulmozyme,1.0,1,1,0,0.0,0.0
bepreve,1.0,1,1,0,0.0,0.0
biafine,1.0,1,1,0,0.0,0.0
bicillin l-a,1.0,1,1,0,0.0,1.0
bioflavonoids / zinc glycinate,1.0,1,1,0,0.0,0.0
betaseron,1.0,1,1,0,0.0,0.0
mephobarbital,1.0,2,2,0,0.0,0.0
condylox,1.0,1,1,0,0.0,0.0
collagenase santyl,1.0,1,1,0,0.0,0.0
codimal dm,1.0,1,1,0,0.0,0.0
metaproterenol,1.0,1,1,0,0.0,0.0
derma-smoothe / fs (scalp),1.0,1,1,0,0.0,0.0
kineret,1.0,3,3,0,0.0,0.0
kemadrin,1.0,1,1,0,0.0,0.0
kalydeco,1.0,1,1,0,0.0,1.0
salivamax,1.0,1,1,0,0.0,0.0
isoproterenol,1.0,1,1,0,0.0,0.0
invega trinza,1.0,3,3,0,0.0,0.6666666666666666
junel fe 24,1.0,1,1,0,0.0,1.0
iron polysaccharide,1.0,1,1,0,0.0,0.0
stromectol,1.0,1,1,0,0.0,0.0
sotalol hydrochloride af,1.0,1,1,0,0.0,0.0
spectracef,1.0,1,1,0,0.0,0.0
aristocort a,1.0,1,1,0,0.0,0.0
aranesp,1.0,2,2,0,0.0,0.0
soma compound,1.0,2,2,0,0.0,0.5
somatropin,1.0,2,2,0,0.0,0.0
magaldrate / simethicone,1.0,1,1,0,0.0,0.0
lucentis,1.0,1,1,0,1.0,0.0
coartem,1.0,1,1,0,0.0,0.0
medrox,1.0,1,1,0,0.0,0.0
magnacet,1.0,1,1,0,0.0,0.0
cromolyn,1.0,1,1,0,0.0,0.0
coreg cr,1.0,1,1,0,0.0,0.0
loteprednol / tobramycin,1.0,2,2,0,0.0,0.0
magnesium aspartate,1.0,1,1,0,0.0,0.0
reprexain,1.0,1,1,0,0.0,0.0
lindane,1.0,1,1,0,0.0,0.0
lidocaine / menthol,1.0,1,1,0,0.0,0.0
lo / ovral,1.0,1,1,0,0.0,0.0
benzefoam,1.0,1,1,0,0.0,0.0
benazepril / hydrochlorothiazide,1.0,1,1,0,0.0,0.0
rezira,1.0,1,1,0,0.0,0.0
darbepoetin alfa,1.0,2,2,0,0.0,0.0
dapagliflozin / metformin,1.0,1,1,0,0.0,1.0
kyprolis,1.0,1,1,0,0.0,0.0
lacrisert,1.0,1,1,0,0.0,0.0
daypro,1.0,2,2,0,0.0,0.0
silvadene,1.0,1,1,0,0.0,0.0
krystexxa,1.0,1,1,0,0.0,0.0
kerydin,1.0,3,3,0,0.0,0.0
ketotifen,1.0,1,1,0,0.0,0.0
decadron,1.0,1,1,0,0.0,0.0
salicylic acid / sulfur,1.0,1,1,0,0.0,0.0
atralin,1.0,6,6,0,0.16666666666666666,0.16666666666666666
atrovent nasal,1.0,1,1,0,0.0,0.0
sevelamer,1.0,1,1,0,0.0,0.0
s-adenosylmethionine,1.0,1,1,0,0.0,0.0
saccharomyces boulardii lyo,1.0,1,1,0,0.0,0.0
sebulex,1.0,1,1,0,0.0,0.0
sancuso,1.0,1,1,0,0.0,0.0
sarna sensitive,1.0,1,1,0,0.0,0.0
saw palmetto,1.0,2,2,0,0.0,0.0
rowasa,1.0,1,1,0,0.0,0.0
radiaplexrx,1.0,1,1,0,0.0,1.0
q-tapp dm,1.0,1,1,0,0.0,0.0
bazedoxifene / conjugated estrogens,1.0,3,3,0,0.0,0.0
azilect,1.0,2,2,0,0.0,0.5
salagen,1.0,1,1,0,0.0,0.0
rozex,1.0,1,1,0,0.0,1.0
rydapt,1.0,1,1,0,0.0,0.0
rynatan,1.0,1,1,0,0.0,0.0
rosac,1.0,1,1,0,0.0,0.0
rocuronium,1.0,2,2,0,0.0,0.0
b & o supprettes,1.0,2,2,0,0.0,0.0
bacitracin / neomycin / polymyxin b,1.0,2,2,0,0.0,0.0
levocarnitine,1.0,1,1,0,0.0,0.0
lesinurad,1.0,1,1,0,0.0,0.0
rogaine men's extra strength,1.0,1,1,0,0.0,0.0
rogaine women's,1.0,1,1,0,0.0,0.0
wp thyroid,1.0,1,1,0,0.0,0.0
vosol hc,1.0,1,1,0,0.0,0.0
vospire er,1.0,1,1,0,0.0,0.0
acetaminophen / caffeine / isometheptene mucate,1.0,1,1,0,0.0,0.0
abobotulinumtoxina,1.0,1,1,0,0.0,0.0
zafirlukast,1.0,1,1,0,0.0,0.0
ethmozine,1.0,1,1,0,0.0,0.0
estratest h.s.,1.0,1,1,0,0.0,0.0
esterified estrogens,1.0,1,1,0,0.0,0.0
excedrin pm,1.0,1,1,0,0.0,0.0
evoxac,1.0,1,1,0,0.0,0.0
evzio,1.0,1,1,0,0.0,0.0
wart remover,1.0,1,1,0,0.0,0.0
epoprostenol,1.0,1,1,0,0.0,0.0
epsom salt,1.0,1,1,0,0.0,0.0
eskalith,1.0,1,1,0,0.0,0.0
esomeprazole / naproxen,1.0,3,3,0,0.0,0.3333333333333333
noroxin,1.0,1,1,0,0.0,1.0
norpace,1.0,1,1,0,0.0,0.0
norpace cr,1.0,1,1,0,1.0,0.0
nortrel 7 / 7 / 7,1.0,1,1,0,0.0,1.0
nizatidine,1.0,1,1,0,0.0,0.0
erythrocin,1.0,1,1,0,0.0,0.0
epinephrine,1.0,1,1,0,0.0,0.0
viread,1.0,1,1,0,0.0,0.0
vienva,1.0,1,1,0,0.0,0.0
vicodin hp,1.0,1,1,0,0.0,0.0
ultram odt,1.0,1,1,0,1.0,0.0
tylox,1.0,3,3,0,0.0,0.0
tyvaso,1.0,1,1,0,0.0,0.0
tryptophan,1.0,1,1,0,0.0,0.0
vandazole,1.0,1,1,0,0.0,0.0
acnex,1.0,1,1,0,0.0,0.0
acrivastine / pseudoephedrine,1.0,1,1,0,0.0,0.0
acuvail,1.0,1,1,0,0.0,0.0
acidophilus,1.0,2,2,0,0.0,0.0
finacea,1.0,2,2,0,0.0,0.0
femring,1.0,1,1,0,0.0,0.0
fenoprofen,1.0,1,1,0,0.0,0.0
acetaminophen / chlorpheniramine,1.0,1,1,0,0.0,0.0
acetaminophen / dextromethorphan / pseudoephedrine,1.0,1,1,0,0.0,0.0
vasotec,1.0,1,1,0,0.0,0.0
feen-a-mint,1.0,1,1,0,0.0,0.0
ephedrine,1.0,1,1,0,1.0,0.0
enjuvia,1.0,1,1,0,0.0,0.0
acetaminophen / dichloralphenazone / isometheptene mucate,0.90625,16,14,1,0.0,0.0
urea,0.9,5,4,0,0.0,0.0
fludrocortisone,0.9,5,4,0,0.0,0.2
aubagio,0.875,4,3,0,0.25,0.25
tocilizumab,0.875,4,3,0,0.25,0.5
kenalog,0.875,4,3,0,0.0,0.0
formoterol,0.875,4,3,0,0.25,0.0
flector patch,0.8529411764705883,17,12,0,0.0,0.0
naprelan,0.85,5,4,0,0.0,0.0
etodolac,0.8461538461538461,13,9,0,0.0,0.15384615384615385
lactobacillus acidophilus,0.84375,8,6,0,0.0,0.25
tri-luma,0.84375,16,11,0,0.0,0.375
anaprox,0.8333333333333333,3,2,0,0.0,0.0
pramoxine,0.8333333333333333,15,10,0,0.0,0.06666666666666667
primatene mist,0.8333333333333333,3,2,0,0.0,0.0
prilosec,0.8333333333333333,6,4,0,0.0,0.16666666666666666
altabax,0.8333333333333333,3,2,0,0.6666666666666666,0.0
pazeo,0.8333333333333333,3,2,0,0.0,0.6666666666666666
necon 7 / 7 / 7,0.8333333333333333,3,2,0,0.3333333333333333,0.0
patanase,0.8333333333333333,3,2,0,0.0,0.0
ciprofloxacin / dexamethasone,0.8333333333333333,9,6,0,0.0,0.1111111111111111
glycerin,0.8333333333333333,3,2,0,0.0,0.0
gemfibrozil,0.8333333333333333,3,2,0,0.0,0.3333333333333333
emtricitabine / tenofovir,0.8333333333333333,3,2,0,0.0,0.0
advil cold and sinus,0.8333333333333333,3,2,0,0.0,0.0
omega-3 polyunsaturated fatty acids,0.8333333333333333,3,2,0,0.0,0.0
chlorpheniramine / pseudoephedrine,0.8333333333333333,3,2,0,0.0,0.0
pamine forte,0.8333333333333333,3,2,0,0.0,0.0
qnasl,0.8333333333333333,3,2,0,0.0,0.0
androderm,0.8333333333333333,3,2,0,0.0,0.3333333333333333
aspirin / caffeine / orphenadrine,0.8333333333333333,3,2,0,0.0,0.0
pin-x,0.8333333333333333,3,2,0,0.0,0.0
biaxin xl,0.8333333333333333,3,2,0,0.3333333333333333,0.0
minipress,0.8333333333333333,3,2,0,0.0,0.0
dolutegravir,0.8333333333333333,3,2,0,0.0,0.3333333333333333
imodium,0.8333333333333333,3,2,0,0.0,0.0
pimozide,0.8333333333333333,3,2,0,0.0,0.3333333333333333
ritalin la,0.8333333333333333,3,2,0,0.3333333333333333,0.0
desogen,0.8333333333333333,3,2,0,0.0,0.3333333333333333
sporanox,0.8333333333333333,3,2,0,0.0,0.0
astelin,0.8333333333333333,3,2,0,0.0,0.6666666666666666
magnesium oxide,0.8333333333333333,3,2,0,0.0,0.0
staxyn,0.8333333333333333,3,2,0,0.3333333333333333,0.3333333333333333
aldactone,0.8333333333333333,3,2,0,0.0,0.0
orthovisc,0.8260869565217391,23,15,0,0.13043478260869565,0.34782608695652173
cataflam,0.825,8,6,0,0.0,0.0
benzaclin,0.8181818181818181,11,7,0,0.18181818181818182,0.5454545454545454
enalapril,0.8125,4,3,0,0.0,0.25
infliximab,0.81,25,16,0,0.04,0.2
breo ellipta,0.8076923076923077,13,8,0,0.0,0.23076923076923078
hycodan,0.8055555555555556,9,6,0,0.0,0.0
fiorinal,0.8055555555555556,9,6,0,0.1111111111111111,0.2222222222222222
abatacept,0.8,5,3,0,0.0,0.4
dimethyl fumarate,0.8,5,3,0,0.0,0.2
raltegravir,0.8,5,3,0,0.0,0.4
daliresp,0.8,5,3,0,0.0,0.0
aspirin / butalbital / caffeine / codeine,0.8,5,3,0,0.2,0.0
belimumab,0.8,5,4,1,0.2,0.6
opana,0.7892857142857143,14,9,0,0.5,0.07142857142857142
sanctura,0.7857142857142857,7,4,0,0.0,0.0
halobetasol,0.7857142857142857,7,4,0,0.0,0.0
elbasvir / grazoprevir,0.7857142857142857,7,4,0,0.2857142857142857,0.7142857142857143
frova,0.7857142857142857,7,4,0,0.0,0.42857142857142855
parnate,0.78125,8,6,1,0.5,0.375
rocephin,0.7777777777777778,9,5,0,0.1111111111111111,0.1111111111111111
soolantra,0.775,20,11,0,0.0,0.2
tessalon perles,0.775,10,6,0,0.1,0.1
silver sulfadiazine,0.7727272727272727,11,8,2,0.0,0.09090909090909091
trulance,0.7708333333333333,12,7,0,0.0,0.08333333333333333
propoxyphene,0.7666666666666666,6,4,0,0.0,0.0
miralax,0.7625,20,12,1,0.0,0.2
synvisc,0.76,10,6,0,0.0,0.1
pentosan polysulfate sodium,0.7571428571428571,14,8,0,0.07142857142857142,0.14285714285714285
ultram er,0.75625,8,5,0,0.25,0.125
felbamate,0.75,2,1,0,0.0,0.0
acetaminophen / pamabrom,0.75,4,2,0,0.25,0.75
depo-testosterone,0.75,2,1,0,0.0,0.0
detrol,0.75,2,1,0,0.0,0.0
desowen,0.75,2,1,0,0.0,0.0
insulin glulisine,0.75,2,1,0,0.0,0.0
stalevo,0.75,2,1,0,0.0,0.0
arixtra,0.75,2,1,0,0.0,0.0
asmanex twisthaler,0.75,4,2,0,0.0,0.0
aspirin / butalbital / caffeine,0.75,15,8,0,0.0,0.26666666666666666
colesevelam,0.75,14,8,0,0.07142857142857142,0.21428571428571427
lovenox,0.75,4,2,0,0.0,0.0
apomorphine,0.75,3,2,0,0.0,0.0
levorphanol,0.75,2,1,0,0.0,0.0
lodine,0.75,2,1,0,0.0,0.0
cyclizine,0.75,2,1,0,0.0,0.0
crotamiton,0.75,2,1,0,0.0,0.0
lovastatin,0.75,2,1,0,0.0,0.0
bensal hp,0.75,2,1,0,0.0,0.5
retin-a,0.75,10,5,0,0.2,0.5
banzel,0.75,2,1,0,0.0,0.0
restasis,0.75,8,4,0,0.0,0.0
lidocaine / prilocaine,0.75,2,1,0,0.0,0.0
locoid lipocream,0.75,2,1,0,0.0,0.0
azelex,0.75,2,1,0,0.0,0.0
azilsartan medoxomil / chlorthalidone,0.75,2,1,0,0.0,0.5
seconal,0.75,2,1,0,0.0,0.0
balacet,0.75,2,1,0,0.0,0.0
aspirin / carisoprodol,0.75,4,2,0,0.0,0.25
avalide,0.75,2,1,0,0.0,0.5
astepro,0.75,4,3,1,0.0,0.0
sildec-pe dm,0.75,2,1,0,0.0,0.0
ddavp,0.75,2,1,0,0.0,0.0
daklinza,0.75,2,1,0,0.5,0.5
esgic-plus,0.75,2,1,0,0.0,0.5
estradiol / levonorgestrel,0.75,2,1,0,0.0,0.0
eslicarbazepine,0.75,2,1,0,0.0,0.0
ethinyl estradiol / folic acid / levonorgestrel,0.75,2,1,0,0.0,0.0
lexiscan,0.75,2,1,0,0.0,0.0
levalbuterol,0.75,4,2,0,0.0,0.0
acetaminophen / caffeine,0.75,2,1,0,0.0,0.0
levsin,0.75,2,1,0,0.0,0.5
lantus solostar,0.75,2,1,0,0.0,0.0
rifaximin,0.75,16,9,1,0.0,0.1875
rosula,0.75,2,1,0,0.0,0.0
qvar,0.75,2,1,0,0.0,0.5
avodart,0.75,4,2,0,0.5,0.0
azor,0.75,8,4,0,0.0,0.125
aciphex,0.75,8,4,0,0.0,0.0
norpramin,0.75,2,1,0,0.0,0.0
acetaminophen / dexbrompheniramine / pseudoephedrine,0.75,2,1,0,0.0,0.0
enablex,0.75,4,2,0,0.0,0.25
eltrombopag,0.75,2,1,0,0.0,0.5
amoxapine,0.75,2,1,0,0.0,0.0
antipyrine / benzocaine,0.75,2,1,0,0.0,0.0
anoro ellipta,0.75,5,3,0,0.2,0.2
tarka,0.75,2,1,0,0.0,0.0
imdur,0.75,2,1,0,0.0,0.5
insulin aspart,0.75,2,1,0,0.0,0.5
inderal la,0.75,2,1,0,0.0,0.5
icosapent,0.75,4,2,0,0.0,0.0
psyllium,0.75,2,1,0,0.0,0.0
pseudoephedrine / triprolidine,0.75,2,1,0,0.5,0.0
pramosone,0.75,2,1,0,0.0,0.0
magnesium amino acids chelate,0.75,2,1,0,0.5,0.0
kenalog-10,0.75,2,1,0,0.0,0.0
hydrochlorothiazide / telmisartan,0.75,2,1,0,0.0,0.0
humulin r u-500 (concentrated),0.75,2,1,0,0.0,0.0
hiprex,0.75,4,2,0,0.0,0.0
histrelin,0.75,2,1,0,0.0,0.0
gralise,0.75,2,1,0,0.0,0.0
haldol,0.75,6,3,0,0.0,0.16666666666666666
guaifenesin / phenylephrine,0.75,2,1,0,0.0,0.5
goody's extra-strength headache powders,0.75,2,1,0,0.0,0.5
tesamorelin,0.75,2,1,0,0.0,0.5
thiothixene,0.75,2,1,0,0.0,0.0
budeprion xl,0.75,2,1,0,0.0,0.5
proair hfa,0.75,2,1,0,0.0,0.0
minocin,0.75,2,1,0,0.0,0.5
climara pro,0.75,2,1,0,0.0,0.0
clearlax,0.75,3,2,0,0.0,0.3333333333333333
alrex,0.75,2,1,0,0.0,0.0
praluent,0.75,4,2,0,0.5,0.5
micardis hct,0.75,2,1,0,0.0,0.0
prilosec otc,0.75,4,2,0,0.25,0.0
prozac weekly,0.75,2,1,0,0.0,0.0
commit,0.75,2,1,0,0.0,0.5
colazal,0.75,2,1,0,0.0,0.5
bepotastine,0.75,5,3,0,0.0,0.0
privine,0.75,2,1,0,0.0,0.0
chlorpheniramine,0.75,4,2,0,0.0,0.0
motrin ib,0.75,2,1,0,0.0,0.0
motrin,0.75,4,2,0,0.0,0.0
mucinex dm,0.75,2,1,0,0.0,0.0
paregoric,0.75,2,1,0,0.0,0.0
pepto-bismol,0.75,2,1,0,0.0,0.0
canasa,0.75,2,1,0,0.0,0.0
camphor / menthol,0.75,2,1,0,0.0,0.0
amantadine,0.75,4,2,0,0.25,0.25
tenex,0.75,2,1,0,0.0,0.0
flurandrenolide,0.75,2,1,0,0.0,0.0
duexis,0.75,2,1,0,0.0,0.0
allerx dose pack df,0.75,2,1,0,0.0,0.0
foradil aerolizer,0.75,2,1,0,0.0,0.0
supartz,0.75,4,3,1,0.0,0.0
pancrelipase,0.75,4,2,0,0.0,0.25
pegasys,0.75,2,1,0,0.0,0.5
florastor,0.75,2,1,0,0.0,0.0
aflibercept,0.75,4,2,0,0.25,0.25
efudex,0.75,8,5,1,0.0,0.125
fluphenazine,0.75,3,2,0,0.0,0.0
uribel,0.75,2,1,0,0.0,0.5
advair hfa,0.75,2,1,0,0.5,0.5
umeclidinium,0.75,2,1,0,0.0,0.0
carbamide peroxide,0.75,2,1,0,0.0,0.0
novolog,0.75,2,1,0,0.0,0.0
fluorometholone,0.75,2,1,0,0.0,0.5
cefixime,0.75,2,1,0,0.0,0.0
orudis,0.75,2,1,0,0.0,0.0
nature-throid,0.75,7,4,0,0.0,0.0
cevimeline,0.75,2,1,0,0.0,0.5
cefpodoxime,0.75,2,1,0,0.0,0.0
cefprozil,0.75,2,1,0,0.0,0.0
xopenex,0.75,2,1,0,0.0,0.0
eylea,0.75,4,2,0,0.0,0.0
famotidine,0.75,6,3,0,0.3333333333333333,0.0
acetaminophen / butalbital / caffeine / codeine,0.75,4,2,0,0.25,0.25
femhrt,0.75,2,1,0,0.0,0.0
zantac,0.75,2,1,0,0.0,0.0
feldene,0.75,2,1,0,0.0,0.0
meperidine,0.7384615384615385,13,7,0,0.15384615384615385,0.15384615384615385
androgel,0.7375,20,13,2,0.35,0.4
xifaxan,0.7363636363636363,11,7,1,0.0,0.18181818181818182
sodium hyaluronate,0.7361111111111112,36,18,1,0.1388888888888889,0.25
ziana,0.7352941176470589,17,8,0,0.058823529411764705,0.29411764705882354
olopatadine,0.7333333333333334,15,7,0,0.06666666666666667,0.13333333333333333
fluocinolone / hydroquinone / tretinoin,0.7333333333333334,9,5,0,0.0,0.2222222222222222
hyaluronan,0.7318181818181818,22,11,0,0.13636363636363635,0.3181818181818182
fioricet,0.7303571428571429,28,17,1,0.0,0.17857142857142858
rabeprazole,0.7272727272727273,11,5,0,0.0,0.0
voltaren,0.725,20,9,0,0.25,0.1
hylan g-f 20,0.7222222222222222,18,8,0,0.05555555555555555,0.1111111111111111
oxytrol,0.7222222222222222,18,9,1,0.05555555555555555,0.16666666666666666
allopurinol,0.7222222222222222,9,4,0,0.3333333333333333,0.1111111111111111
fluticasone,0.7189655172413794,29,15,1,0.0,0.06896551724137931
tussionex pennkinetic,0.717391304347826,23,12,0,0.08695652173913043,0.043478260869565216
nasonex,0.7142857142857143,7,3,0,0.0,0.0
fleet enema,0.7142857142857143,7,3,0,0.0,0.14285714285714285
ibuprofen,0.7142857142857143,14,7,0,0.07142857142857142,0.07142857142857142
invega sustenna,0.7142857142857143,7,3,0,0.0,0.14285714285714285
hydrocodone / ibuprofen,0.7125,20,11,2,0.05,0.15
celecoxib,0.7121212121212122,33,15,0,0.21212121212121213,0.21212121212121213
pimecrolimus,0.71,10,5,0,0.1,0.1
clorazepate,0.71,5,3,0,0.0,0.0
adapalene / benzoyl peroxide,0.7094202898550724,138,64,3,0.050724637681159424,0.2391304347826087
benzocaine,0.7083333333333334,6,3,0,0.0,0.0
embeda,0.705,10,6,1,0.3,0.3
bromocriptine,0.7,5,2,0,0.0,0.4
methenamine,0.7,5,2,0,0.0,0.4
trospium,0.7,5,2,0,0.2,0.4
quinine,0.7,5,2,0,0.0,0.0
xenical,0.7,5,2,0,0.0,0.8
zelnorm,0.7,5,2,0,0.0,0.4
evekeo,0.7,5,2,0,0.0,0.0
acetaminophen / phenyltoloxamine,0.7,5,2,0,0.0,0.0
crisaborole,0.7,5,3,1,0.0,0.4
azelastine,0.7,15,6,0,0.0,0.06666666666666667
duac,0.7,38,16,0,0.02631578947368421,0.15789473684210525
trilipix,0.7,5,2,0,0.0,0.0
lastacaft,0.7,5,2,0,0.0,0.2
frovatriptan,0.7,10,5,1,0.0,0.1
nasacort,0.7,10,5,1,0.0,0.2
benzoyl peroxide / clindamycin,0.6987654320987655,81,33,0,0.06172839506172839,0.19753086419753085
voltaren gel,0.6967741935483871,31,15,1,0.06451612903225806,0.12903225806451613
invega,0.6911764705882353,17,8,0,0.058823529411764705,0.17647058823529413
axert,0.6875,4,2,0,0.0,0.0
desonide,0.6875,8,3,0,0.0,0.0
vedolizumab,0.6875,4,2,0,0.0,0.0
ampyra,0.6875,8,4,1,0.0,0.125
relafen,0.6875,8,3,0,0.0,0.125
sulfacetamide sodium / sulfur,0.6875,8,3,0,0.0,0.25
midazolam,0.6875,8,4,1,0.0,0.125
robaxin,0.6875,8,4,0,0.0,0.25
proctofoam,0.6875,4,2,0,0.0,0.5
norco,0.6865853658536585,41,20,2,0.04878048780487805,0.1951219512195122
epiduo,0.6848684210526316,76,31,0,0.05263157894736842,0.3026315789473684
diclofenac,0.6843220338983051,118,56,5,0.11016949152542373,0.1440677966101695
maxalt,0.6842105263157895,19,9,1,0.0,0.3157894736842105
vicodin,0.6840909090909091,22,11,1,0.045454545454545456,0.18181818181818182
aldara,0.6833333333333333,6,3,0,0.0,0.5
emollients,0.6833333333333333,6,3,0,0.0,0.3333333333333333
donnatal,0.6833333333333333,6,3,0,0.0,0.0
alli,0.6821428571428572,14,6,0,0.0,0.14285714285714285
sumavel dosepro,0.6777777777777778,9,5,0,0.2222222222222222,0.1111111111111111
lialda,0.6764705882352942,17,7,0,0.058823529411764705,0.058823529411764705
metaxalone,0.6764705882352942,17,8,2,0.0,0.058823529411764705
pseudoephedrine,0.675,12,6,1,0.08333333333333333,0.08333333333333333
eletriptan,0.6732142857142858,28,15,4,0.17857142857142858,0.07142857142857142
tiotropium,0.6730769230769231,13,6,1,0.07692307692307693,0.23076923076923078
viagra,0.6722222222222223,36,15,1,0.5,0.3888888888888889
amphetamine,0.6722222222222223,9,5,1,0.1111111111111111,0.1111111111111111
guaifenesin,0.6716216216216216,37,18,3,0.10810810810810811,0.16216216216216217
drixoral cold and allergy,0.6714285714285715,7,4,0,0.0,0.0
tretinoin,0.67125,80,32,3,0.125,0.35
carisoprodol,0.6702702702702703,37,19,0,0.02702702702702703,0.08108108108108109
zanaflex,0.6699999999999999,15,7,1,0.13333333333333333,0.13333333333333333
tioconazole,0.6694444444444445,270,104,4,0.025925925925925925,0.337037037037037
lifitegrast,0.6684210526315789,19,9,1,0.05263157894736842,0.2631578947368421
acetaminophen / codeine,0.6673076923076923,26,11,1,0.11538461538461539,0.15384615384615385
enoxaparin,0.6666666666666666,3,1,0,0.0,0.0
eligard,0.6666666666666666,3,1,0,0.3333333333333333,0.6666666666666666
zovirax,0.6666666666666666,3,1,0,0.0,0.3333333333333333
econazole,0.6666666666666666,3,1,0,0.0,0.0
edarbyclor,0.6666666666666666,3,1,0,0.0,0.3333333333333333
dymista,0.6666666666666666,15,8,3,0.0,0.2
betamethasone,0.6666666666666666,6,3,1,0.0,0.0
sitagliptin,0.6666666666666666,15,5,0,0.2,0.13333333333333333
indocin sr,0.6666666666666666,3,1,0,0.3333333333333333,0.0
imodium a-d,0.6666666666666666,3,2,1,0.0,0.0
hyoscyamine / methenamine / methylene blue / phenyl salicylate,0.6666666666666666,3,1,0,0.0,0.0
immune globulin subcutaneous,0.6666666666666666,3,1,0,0.3333333333333333,0.3333333333333333
tazarotene,0.6666666666666666,3,1,0,0.0,0.0
pentazocine,0.6666666666666666,3,1,0,0.0,0.0
clozapine,0.6666666666666666,6,3,1,0.0,0.16666666666666666
calcium carbonate,0.6666666666666666,3,1,0,0.0,0.0
caffeine / ergotamine,0.6666666666666666,3,1,0,0.0,0.3333333333333333
hydrocortisone / neomycin / polymyxin b,0.6666666666666666,3,1,0,0.0,0.3333333333333333
hydrocortisone,0.6666666666666666,9,3,0,0.0,0.1111111111111111
hydrochlorothiazide / olmesartan,0.6666666666666666,6,2,0,0.16666666666666666,0.3333333333333333
allegra-d 24 hour,0.6666666666666666,3,2,1,0.0,0.3333333333333333
namenda,0.6666666666666666,3,1,0,0.0,0.0
narcan injection,0.6666666666666666,3,1,0,0.0,0.0
nuedexta,0.6666666666666666,3,1,0,0.0,0.6666666666666666
alirocumab,0.6666666666666666,3,1,0,0.6666666666666666,0.6666666666666666
chondroitin / glucosamine,0.6666666666666666,3,1,0,0.0,0.0
muse,0.6666666666666666,3,1,0,0.0,0.0
citranatal 90 dha,0.6666666666666666,3,1,0,0.0,0.0
chlorthalidone,0.6666666666666666,3,1,0,0.3333333333333333,0.0
gardasil,0.6666666666666666,3,1,0,0.0,0.0
doxazosin,0.6666666666666666,3,2,1,0.0,0.0
trivora,0.6666666666666666,3,1,0,0.0,0.6666666666666666
trifluoperazine,0.6666666666666666,3,1,0,0.0,0.0
ammonium lactate,0.6666666666666666,3,1,0,0.0,0.0
fycompa,0.6666666666666666,3,1,0,0.0,0.3333333333333333
prenatal plus,0.6666666666666666,3,1,0,0.0,0.0
migranal,0.6666666666666666,3,1,0,0.0,0.0
alfuzosin,0.6666666666666666,9,5,2,0.0,0.1111111111111111
colchicine,0.6666666666666666,9,4,0,0.0,0.2222222222222222
balsalazide,0.6666666666666666,3,1,0,0.0,0.3333333333333333
ranibizumab,0.6666666666666666,3,1,0,0.6666666666666666,0.0
ayr saline nasal,0.6666666666666666,3,1,0,0.0,0.3333333333333333
lantus,0.6666666666666666,3,1,0,0.0,0.0
keytruda,0.6666666666666666,3,1,0,0.0,0.0
kadian,0.6666666666666666,6,2,0,0.3333333333333333,0.0
klonopin wafer,0.6666666666666666,3,1,0,0.0,0.0
protopic,0.6666666666666666,3,1,0,0.0,0.3333333333333333
bextra,0.6666666666666666,3,1,0,0.0,0.0
benzphetamine,0.6666666666666666,3,1,0,0.0,0.3333333333333333
boniva,0.6666666666666666,3,1,0,0.0,0.0
brompheniramine,0.6666666666666666,3,2,1,0.0,0.0
salonpas pain patch,0.6666666666666666,3,1,0,0.0,0.0
ryzolt,0.6666666666666666,3,1,0,0.0,0.0
retapamulin,0.6666666666666666,3,1,0,0.0,0.0
bactroban,0.6666666666666666,3,1,0,0.0,0.0
lotemax,0.6666666666666666,3,1,0,0.0,0.0
entyvio,0.6666666666666666,6,3,1,0.0,0.0
reclast,0.6666666666666666,3,1,0,0.3333333333333333,0.0
rectiv,0.6666666666666666,3,1,0,0.0,0.3333333333333333
lorzone,0.6666666666666666,3,1,0,0.0,0.3333333333333333
fioricet with codeine,0.6666666666666666,3,1,0,0.0,0.0
actonel,0.6666666666666666,3,1,0,0.0,0.3333333333333333
cenestin,0.6666666666666666,3,1,0,0.0,0.3333333333333333
undecylenic acid,0.6666666666666666,3,1,0,0.0,0.0
vicodin es,0.6666666666666666,3,1,0,0.0,0.0
certolizumab,0.6666666666666666,3,1,0,0.0,0.0
norel sr,0.6666666666666666,3,2,1,0.0,0.0
estrace vaginal cream,0.6666666666666666,15,6,1,0.3333333333333333,0.4
xalatan,0.6666666666666666,3,1,0,0.0,0.3333333333333333
acetaminophen / hydrocodone,0.6638554216867469,166,71,7,0.0783132530120482,0.10843373493975904
azelaic acid,0.6636363636363636,22,9,1,0.09090909090909091,0.22727272727272727
hypercare,0.6634146341463415,41,17,2,0.14634146341463414,0.2926829268292683
adapalene,0.6625,56,21,2,0.08928571428571429,0.2857142857142857
hyoscyamine,0.6617647058823529,17,7,0,0.058823529411764705,0.058823529411764705
glatiramer,0.6590909090909091,22,7,0,0.09090909090909091,0.09090909090909091
lansoprazole,0.6590909090909091,11,5,1,0.2727272727272727,0.18181818181818182
synvisc-one,0.6588235294117647,17,7,0,0.0,0.0
chlorpheniramine / hydrocodone,0.65625,16,8,2,0.0,0.125
budesonide / formoterol,0.6553571428571429,28,11,0,0.07142857142857142,0.17857142857142858
eluxadoline,0.6553571428571429,28,14,2,0.17857142857142858,0.25
flonase,0.6552631578947369,19,8,0,0.0,0.2631578947368421
l-methylfolate,0.6538461538461539,13,5,0,0.3076923076923077,0.07692307692307693
fluorouracil,0.6538461538461539,26,8,0,0.07692307692307693,0.15384615384615385
canagliflozin,0.6534883720930232,43,18,0,0.18604651162790697,0.09302325581395349
clindamycin / tretinoin,0.653448275862069,29,11,0,0.0,0.3448275862068966
aluminum chloride hexahydrate,0.6524271844660194,103,40,7,0.07766990291262135,0.3106796116504854
amerge,0.65,5,3,1,0.0,0.2
phenylephrine,0.65,4,2,0,0.0,0.0
velivet,0.65,7,3,0,0.0,0.2857142857142857
tegretol xr,0.65,5,2,0,0.2,0.6
entocort ec,0.65,4,2,0,0.0,0.0
dexedrine,0.65,10,4,0,0.2,0.4
roflumilast,0.65,7,4,1,0.0,0.14285714285714285
advil,0.65,5,2,0,0.0,0.2
nexium,0.65,20,8,2,0.2,0.15
treprostinil,0.65,5,2,0,0.0,0.0
phenazopyridine,0.65,25,10,1,0.04,0.16
dabigatran,0.65,10,4,1,0.0,0.1
estradiol patch,0.65,5,2,0,0.4,0.6
lidocaine,0.6482758620689655,29,13,2,0.034482758620689655,0.1724137931034483
benzonatate,0.64765625,64,27,1,0.109375,0.171875
soma,0.6476190476190476,21,9,0,0.047619047619047616,0.0
advair diskus,0.6470588235294118,17,6,0,0.11764705882352941,0.35294117647058826
estradiol,0.646551724137931,58,24,4,0.06896551724137931,0.1724137931034483
mometasone,0.646551724137931,29,12,3,0.0,0.034482758620689655
singulair,0.6455882352941177,34,15,2,0.08823529411764706,0.11764705882352941
ixekizumab,0.645,10,5,0,0.1,0.3
aleve,0.6444444444444445,18,7,0,0.0,0.05555555555555555
lidoderm,0.64375,16,7,0,0.0,0.0625
ceftriaxone,0.6428571428571428,14,6,2,0.0,0.07142857142857142
afrezza,0.6428571428571428,7,2,0,0.0,0.0
correctol,0.6428571428571428,7,2,0,0.0,0.0
ketoconazole,0.6428571428571428,7,2,0,0.0,0.0
rogaine,0.6428571428571428,7,2,0,0.14285714285714285,0.2857142857142857
accutane,0.6423469387755102,98,38,4,0.20408163265306123,0.2857142857142857
ranexa,0.6388888888888888,9,3,0,0.0,0.1111111111111111
lysine,0.6388888888888888,9,3,0,0.0,0.1111111111111111
drysol,0.6381818181818182,55,17,1,0.03636363636363636,0.23636363636363636
mirabegron,0.6375,28,11,2,0.25,0.21428571428571427
monistat 7,0.6346153846153846,26,8,0,0.038461538461538464,0.38461538461538464
opana er,0.6346153846153846,13,5,1,0.38461538461538464,0.15384615384615385
demerol,0.6333333333333333,15,7,3,0.13333333333333333,0.06666666666666667
subsys,0.6333333333333333,6,3,0,0.16666666666666666,0.3333333333333333
dexbrompheniramine / pseudoephedrine,0.6333333333333333,15,7,3,0.0,0.26666666666666666
lortab,0.6327586206896552,29,12,1,0.06896551724137931,0.2413793103448276
esomeprazole,0.6323529411764706,17,6,1,0.11764705882352941,0.17647058823529413
azelastine / fluticasone,0.6305555555555555,18,7,1,0.0,0.1111111111111111
efinaconazole,0.6294117647058823,17,6,0,0.058823529411764705,0.35294117647058826
clobetasol,0.6291666666666667,24,7,0,0.0,0.041666666666666664
stelara,0.6288461538461538,26,9,1,0.23076923076923078,0.38461538461538464
indomethacin,0.6279411764705882,34,15,2,0.17647058823529413,0.20588235294117646
abreva,0.6275,40,15,0,0.0,0.2
naproxen,0.6274647887323943,71,29,4,0.07042253521126761,0.14084507042253522
acetaminophen / oxycodone,0.6262773722627737,137,61,11,0.08759124087591241,0.10218978102189781
selenium sulfide,0.625,4,1,0,0.0,0.0
tindamax,0.625,4,2,1,0.0,0.0
climara,0.625,6,2,0,0.3333333333333333,0.16666666666666666
secukinumab,0.625,6,3,1,0.0,0.0
saliva substitutes,0.625,4,1,0,0.0,0.0
multivitamin with minerals,0.625,4,1,0,0.0,0.0
zyprexa zydis,0.625,4,1,0,0.0,0.0
mucinex,0.625,10,5,2,0.0,0.0
naprosyn,0.625,6,2,0,0.0,0.16666666666666666
zutripro,0.625,2,1,0,0.0,0.0
zytiga,0.625,4,1,0,0.0,0.0
tivicay,0.625,4,1,0,0.0,0.5
temovate,0.625,2,1,0,0.0,0.0
cyclafem 1 / 35,0.625,4,2,1,0.0,0.5
repatha,0.625,8,2,0,0.0,0.125
amitriptyline / perphenazine,0.625,2,1,0,0.0,0.0
lidex,0.625,4,2,1,0.0,0.0
glyburide,0.625,2,1,0,0.5,0.0
tylenol,0.625,4,1,0,0.0,0.0
dulcolax laxative,0.625,4,1,0,0.25,0.5
rytary,0.625,2,1,0,0.5,0.5
salmeterol,0.625,2,1,0,0.0,0.0
zocor,0.625,4,1,0,0.0,0.0
metamucil,0.625,4,1,0,0.0,0.0
memantine,0.625,6,2,0,0.0,0.3333333333333333
benzoyl peroxide,0.625,4,1,0,0.25,0.0
bevacizumab,0.625,2,1,0,0.5,0.5
inderal,0.625,14,6,2,0.21428571428571427,0.07142857142857142
apriso,0.625,4,1,0,0.0,0.5
dihydroergotamine,0.625,8,3,1,0.0,0.0
diprivan,0.625,4,1,0,0.0,0.0
docusate / senna,0.625,4,1,0,0.0,0.0
toprol-xl,0.625,4,2,1,0.0,0.25
sunitinib,0.625,6,2,0,0.3333333333333333,0.3333333333333333
aplenzin,0.625,2,1,0,0.0,0.5
ibandronate,0.625,4,1,0,0.25,0.25
hydroxyurea,0.625,4,1,0,0.25,0.0
avonex,0.625,8,3,1,0.0,0.125
meloxicam,0.625,72,33,9,0.125,0.1111111111111111
flavoxate,0.625,2,1,0,0.0,0.0
dutasteride,0.625,4,1,0,0.0,0.25
vitamin d2,0.625,2,1,0,0.0,0.0
zegerid,0.625,4,1,0,0.0,0.25
zenpep,0.625,2,1,0,0.0,0.0
echinacea,0.625,4,1,0,0.25,0.0
dutasteride / tamsulosin,0.625,6,3,1,0.0,0.0
uricalm,0.625,4,1,0,0.0,0.0
niaspan,0.625,4,1,0,0.0,0.0
eribulin,0.625,2,1,0,0.0,0.0
exelon,0.625,2,1,0,0.0,0.0
epiceram,0.625,4,1,0,0.0,0.0
estring,0.625,4,2,1,0.0,0.25
estrace,0.625,2,1,0,0.0,0.0
celebrex,0.6241935483870967,31,13,4,0.03225806451612903,0.25806451612903225
ranitidine,0.6241379310344828,29,13,5,0.0,0.20689655172413793
linaclotide,0.624025974025974,77,36,10,0.012987012987012988,0.35064935064935066
monistat 3-day combination pack,0.624,25,8,0,0.04,0.36
fexofenadine,0.6235294117647059,17,6,1,0.058823529411764705,0.11764705882352941
prevacid,0.6233333333333333,15,5,0,0.13333333333333333,0.0
magnesium citrate,0.622093023255814,43,16,5,0.0,0.27906976744186046
zohydro er,0.6214285714285714,7,3,0,0.42857142857142855,0.42857142857142855
docosanol,0.6211538461538462,52,15,0,0.0,0.15384615384615385
monistat 7-day combination pack,0.6203703703703703,27,7,0,0.1111111111111111,0.5555555555555556
omeprazole,0.6203703703703703,27,7,0,0.2222222222222222,0.14814814814814814
pennsaid,0.62,5,2,0,0.2,0.0
lasix,0.62,5,2,0,0.2,0.2
amrix,0.62,5,2,0,0.0,0.0
lithobid,0.62,5,2,0,0.0,0.2
ivermectin,0.6192307692307693,26,8,1,0.0,0.19230769230769232
axiron,0.6176470588235294,17,8,3,0.29411764705882354,0.5294117647058824
fluticasone / salmeterol,0.6166666666666667,18,8,2,0.05555555555555555,0.0
proair respiclick,0.6166666666666667,6,3,0,0.0,0.0
skelaxin,0.6166666666666667,15,7,2,0.0,0.13333333333333333
acetaminophen / propoxyphene,0.6166666666666667,18,7,1,0.0,0.16666666666666666
botox,0.615909090909091,44,14,1,0.022727272727272728,0.2727272727272727
tacrolimus,0.6142857142857143,14,5,0,0.0,0.14285714285714285
meridia,0.6142857142857143,14,6,1,0.07142857142857142,0.21428571428571427
humira,0.613768115942029,69,23,4,0.07246376811594203,0.2318840579710145
levitra,0.6136363636363636,22,8,1,0.36363636363636365,0.22727272727272727
zonegran,0.6136363636363636,11,4,1,0.09090909090909091,0.0
orlistat,0.6136363636363636,44,11,1,0.022727272727272728,0.3181818181818182
euflexxa,0.6130434782608696,23,9,3,0.17391304347826086,0.2608695652173913
dapsone,0.611904761904762,42,11,0,0.14285714285714285,0.35714285714285715
simvastatin,0.6111111111111112,18,5,0,0.16666666666666666,0.16666666666666666
cambia,0.6111111111111112,9,3,0,0.0,0.1111111111111111
zolmitriptan,0.6105263157894737,19,6,0,0.0,0.2631578947368421
sildenafil,0.6105263157894737,57,19,2,0.3684210526315789,0.19298245614035087
saphris,0.6102941176470589,34,16,7,0.17647058823529413,0.38235294117647056
isotretinoin,0.6101973684210527,152,53,10,0.2236842105263158,0.34868421052631576
ciclopirox,0.61,10,3,0,0.0,0.0
sklice,0.61,10,3,0,0.0,0.1
acetaminophen / aspirin / caffeine,0.6096153846153847,26,12,5,0.038461538461538464,0.19230769230769232
dicyclomine,0.609375,32,15,7,0.15625,0.0625
simponi,0.609375,16,5,1,0.125,0.125
magnesium hydroxide,0.6088235294117648,17,7,1,0.058823529411764705,0.35294117647058826
benicar,0.6086956521739131,23,9,3,0.391304347826087,0.2608695652173913
percocet,0.6085714285714285,35,14,5,0.05714285714285714,0.08571428571428572
tenuate,0.6083333333333334,12,4,0,0.25,0.3333333333333333
differin,0.6078947368421053,38,11,2,0.02631578947368421,0.18421052631578946
actos,0.6071428571428571,7,2,0,0.2857142857142857,0.0
penicillin v potassium,0.6071428571428571,7,2,0,0.0,0.14285714285714285
flomax,0.6071428571428571,28,10,4,0.03571428571428571,0.21428571428571427
dapagliflozin,0.6071428571428571,14,4,1,0.0,0.14285714285714285
eflornithine,0.6071428571428571,21,7,2,0.0,0.3333333333333333
myrbetriq,0.6068181818181818,22,8,1,0.3181818181818182,0.045454545454545456
miconazole,0.6064954682779456,331,91,3,0.012084592145015106,0.3504531722054381
oxymorphone,0.6048780487804878,41,16,1,0.4146341463414634,0.24390243902439024
loperamide,0.6041666666666666,12,4,1,0.0,0.08333333333333333
protonix,0.6041666666666666,12,3,0,0.08333333333333333,0.0
linzess,0.604,75,28,4,0.013333333333333334,0.22666666666666666
testosterone,0.6025252525252526,99,38,9,0.20202020202020202,0.30303030303030304
claravis,0.6018518518518519,27,10,4,0.37037037037037035,0.3333333333333333
nitroglycerin,0.6,5,1,0,0.2,0.2
eucrisa,0.6,5,3,2,0.2,0.4
aczone,0.6,37,11,2,0.16216216216216217,0.3783783783783784
alcaftadine,0.6,5,2,1,0.0,0.2
vicoprofen,0.6,8,3,0,0.25,0.125
xeljanz,0.6,5,1,0,0.0,0.2
trihexyphenidyl,0.6,5,2,1,0.0,0.0
mobic,0.6,21,7,2,0.09523809523809523,0.19047619047619047
sodium biphosphate / sodium phosphate,0.6,5,1,0,0.0,0.0
tadalafil,0.6,72,22,0,0.4305555555555556,0.3055555555555556
lotrel,0.6,5,1,0,0.4,0.2
denavir,0.6,5,1,0,0.0,0.2
simply sleep,0.6,6,3,1,0.0,0.0
iloperidone,0.6,5,1,0,0.0,0.0
ketoprofen,0.6,5,1,0,0.0,0.0
complera,0.6,10,3,1,0.1,0.5
biotin,0.6,5,1,0,0.2,0.4
jalyn,0.6,5,1,0,0.0,0.0
zithromax,0.6,20,6,1,0.0,0.25
fanapt,0.6,5,2,1,0.0,0.2
dolophine,0.6,5,1,0,0.2,0.2
calcipotriene,0.6,5,1,0,0.0,0.0
enbrel,0.5987179487179487,39,13,4,0.1282051282051282,0.1282051282051282
cipro,0.5975609756097561,41,12,2,0.0,0.0975609756097561
tapentadol,0.5974137931034482,58,23,4,0.25862068965517243,0.1896551724137931
vesicare,0.5972222222222222,18,6,2,0.16666666666666666,0.1111111111111111
gianvi,0.59625,40,13,4,0.025,0.275
tolterodine,0.5961538461538461,13,4,1,0.07692307692307693,0.3076923076923077
hydromorphone,0.5959016393442623,61,21,3,0.11475409836065574,0.13114754098360656
nebivolol,0.5952380952380952,21,8,2,0.14285714285714285,0.47619047619047616
golytely,0.5944444444444444,9,3,0,0.0,0.0
clomiphene,0.59375,16,4,1,0.25,0.1875
phenelzine,0.59375,8,3,1,0.25,0.125
almotriptan,0.59375,8,3,1,0.0,0.0
evolocumab,0.59375,16,5,1,0.0,0.25
stendra,0.59375,8,2,0,0.25,0.0
viberzi,0.5928571428571429,28,9,1,0.21428571428571427,0.21428571428571427
augmentin,0.592391304347826,46,17,6,0.0,0.15217391304347827
phendimetrazine,0.592,25,9,0,0.12,0.2
toradol,0.5913793103448276,29,10,0,0.0,0.034482758620689655
treximet,0.591304347826087,23,9,4,0.043478260869565216,0.08695652173913043
loratadine,0.5909090909090909,11,3,1,0.0,0.0
fluoxetine / olanzapine,0.5909090909090909,11,5,3,0.0,0.36363636363636365
irbesartan,0.5909090909090909,11,3,1,0.09090909090909091,0.18181818181818182
adderall xr,0.5892857142857143,28,10,2,0.4642857142857143,0.21428571428571427
ritalin,0.5892857142857143,14,6,1,0.21428571428571427,0.07142857142857142
deplin,0.5888888888888889,9,3,0,0.3333333333333333,0.1111111111111111
cobicistat / elvitegravir / emtricitabine / tenofovir,0.5875,20,6,2,0.0,0.2
triamcinolone,0.5875,24,9,4,0.0,0.125
jardiance,0.5875,12,3,0,0.16666666666666666,0.08333333333333333
dextroamphetamine,0.5875,28,8,0,0.2857142857142857,0.10714285714285714
mesalamine,0.5865853658536585,41,14,4,0.07317073170731707,0.17073170731707318
nicotrol inhaler,0.5857142857142857,7,3,0,0.0,0.14285714285714285
acanya,0.5857142857142857,7,2,0,0.2857142857142857,0.14285714285714285
cariprazine,0.5846153846153846,13,5,1,0.0,0.46153846153846156
depakote er,0.584375,16,7,3,0.0625,0.0625
tegretol,0.5842105263157895,19,6,2,0.05263157894736842,0.10526315789473684
solodyn,0.5840909090909091,22,7,2,0.13636363636363635,0.09090909090909091
chlorhexidine,0.5833333333333334,9,3,1,0.0,0.1111111111111111
diovan hct,0.5833333333333334,6,2,1,0.0,0.0
midodrine,0.5833333333333334,6,2,1,0.0,0.3333333333333333
ponstel,0.5833333333333334,6,2,1,0.0,0.0
phillips' milk of magnesia,0.5833333333333334,24,9,3,0.0,0.20833333333333334
famvir,0.5833333333333334,3,1,0,0.0,0.0
taclonex,0.5833333333333334,6,1,0,0.0,0.0
biaxin,0.5833333333333334,18,7,3,0.05555555555555555,0.05555555555555555
metadate cd,0.5833333333333334,3,1,0,0.3333333333333333,0.0
zorvolex,0.5833333333333334,3,1,0,0.3333333333333333,0.0
isosorbide mononitrate,0.5833333333333334,9,3,1,0.1111111111111111,0.2222222222222222
warfarin,0.5833333333333334,9,2,0,0.1111111111111111,0.1111111111111111
furosemide,0.5833333333333334,15,4,1,0.2,0.26666666666666666
kenalog-40,0.5833333333333334,6,1,0,0.0,0.3333333333333333
kapidex,0.5833333333333334,6,2,1,0.16666666666666666,0.16666666666666666
clomid,0.5833333333333334,9,2,0,0.4444444444444444,0.2222222222222222
lomotil,0.5833333333333334,9,3,0,0.0,0.2222222222222222
benadryl allergy,0.5833333333333334,6,2,0,0.0,0.16666666666666666
gavilyte-n,0.5833333333333334,3,1,0,0.0,0.0
orap,0.5833333333333334,3,1,0,0.0,0.3333333333333333
carbidopa / levodopa,0.5833333333333334,9,3,0,0.0,0.1111111111111111
neurontin,0.5806451612903226,31,11,2,0.03225806451612903,0.16129032258064516
vardenafil,0.5803571428571429,28,7,0,0.35714285714285715,0.32142857142857145
valtrex,0.58,45,13,2,0.08888888888888889,0.1111111111111111
cialis,0.5788732394366197,71,21,3,0.5070422535211268,0.323943661971831
natalizumab,0.5769230769230769,13,4,2,0.15384615384615385,0.23076923076923078
cyclobenzaprine,0.5765625,96,29,10,0.15625,0.17708333333333334
cetirizine,0.57625,40,13,4,0.1,0.15
elmiron,0.575,10,3,1,0.0,0.0
testim,0.575,18,6,1,0.16666666666666666,0.3888888888888889
nefazodone,0.575,10,3,1,0.1,0.0
adderall,0.575,76,27,6,0.27631578947368424,0.3157894736842105
cephalexin,0.575,40,14,6,0.05,0.1
zyrtec,0.575,28,8,2,0.03571428571428571,0.17857142857142858
xiidra,0.575,24,6,1,0.0,0.20833333333333334
betamethasone / calcipotriene,0.5733333333333334,15,3,0,0.0,0.13333333333333333
oxycodone,0.5729813664596273,161,54,5,0.19254658385093168,0.08074534161490683
adalimumab,0.5727848101265822,79,25,7,0.1518987341772152,0.27848101265822783
glucophage,0.5714285714285714,7,1,0,0.0,0.0
rivastigmine,0.5714285714285714,7,1,0,0.14285714285714285,0.0
mercaptopurine,0.5714285714285714,7,2,1,0.14285714285714285,0.2857142857142857
alendronate,0.5714285714285714,7,2,1,0.0,0.14285714285714285
omeprazole / sodium bicarbonate,0.5714285714285714,7,2,0,0.0,0.14285714285714285
codeine / guaifenesin,0.5708333333333333,12,4,0,0.0,0.0
xyrem,0.5708333333333333,12,4,0,0.16666666666666666,0.16666666666666666
chlordiazepoxide / clidinium,0.5708333333333333,12,3,0,0.0,0.08333333333333333
rizatriptan,0.5706521739130435,46,15,6,0.08695652173913043,0.15217391304347827
butrans,0.5703125,32,11,2,0.1875,0.21875
exalgo,0.57,5,2,0,0.4,0.0
ventolin hfa,0.57,5,2,0,0.0,0.0
esterified estrogens / methyltestosterone,0.57,5,2,0,0.2,0.2
ultram,0.569,50,19,3,0.12,0.12
rapaflo,0.5681818181818181,11,2,0,0.09090909090909091,0.45454545454545453
bentyl,0.5666666666666667,15,6,4,0.13333333333333333,0.2
acyclovir,0.5666666666666667,33,9,0,0.06060606060606061,0.18181818181818182
montelukast,0.5661016949152542,59,21,8,0.06779661016949153,0.1864406779661017
jublia,0.5660000000000001,25,7,0,0.0,0.12
oxymetazoline,0.5659090909090909,22,7,1,0.0,0.22727272727272727
ketorolac,0.5653846153846154,52,17,5,0.057692307692307696,0.1346153846153846
otezla,0.565,40,11,4,0.025,0.225
ocella,0.5648148148148148,27,10,6,0.07407407407407407,0.48148148148148145
cyclosporine,0.5638888888888889,18,6,1,0.05555555555555555,0.1111111111111111
ezetimibe / simvastatin,0.5625,4,1,0,0.0,0.0
desipramine,0.5625,8,2,0,0.125,0.125
chlor-trimeton,0.5625,4,1,0,0.0,0.5
zoladex,0.5625,8,4,3,0.125,0.5
tranexamic acid,0.5625,20,4,1,0.1,0.2
colcrys,0.5625,4,2,1,0.0,0.25
saxagliptin,0.5625,4,1,0,0.0,0.25
codeine / promethazine,0.5625,8,1,0,0.0,0.125
umeclidinium / vilanterol,0.5625,4,1,0,0.25,0.25
entresto,0.5625,4,1,0,0.0,0.25
acetaminophen / butalbital,0.5625,4,1,0,0.25,0.0
sinemet,0.5625,4,1,0,0.0,0.0
acetaminophen,0.5625,8,1,0,0.0,0.0
pamelor,0.5625,8,2,1,0.125,0.125
bromfed dm,0.5625,4,1,0,0.0,0.0
np thyroid,0.5625,4,1,0,0.0,0.0
mucinex d,0.5606060606060606,33,11,3,0.06060606060606061,0.24242424242424243
diazepam,0.5598591549295775,71,28,11,0.15492957746478872,0.056338028169014086
atripla,0.5595238095238095,21,5,2,0.0,0.14285714285714285
symbicort,0.5588235294117647,17,6,2,0.0,0.23529411764705882
meclizine,0.5586206896551724,29,11,6,0.10344827586206896,0.1724137931034483
oracea,0.5583333333333333,6,2,0,0.0,0.3333333333333333
aspirin,0.5583333333333333,6,2,0,0.0,0.0
adipex-p,0.5573684210526316,95,28,10,0.09473684210526316,0.37894736842105264
pantoprazole,0.5571428571428572,28,8,2,0.07142857142857142,0.14285714285714285
yasmin,0.557,50,16,9,0.04,0.46
doxycycline,0.5567961165048544,206,66,31,0.1941747572815534,0.3300970873786408
tavaborole,0.5555555555555556,9,1,0,0.0,0.2222222222222222
requip,0.5555555555555556,18,4,1,0.05555555555555555,0.05555555555555555
focalin,0.5555555555555556,9,3,1,0.4444444444444444,0.1111111111111111
dexamethasone,0.5552631578947369,19,6,2,0.05263157894736842,0.10526315789473684
imitrex,0.5546875,32,11,6,0.21875,0.25
aftera,0.5545454545454546,11,4,2,0.09090909090909091,0.36363636363636365
onabotulinumtoxina,0.5544444444444444,45,11,0,0.06666666666666667,0.2222222222222222
nicotine,0.554,25,9,0,0.12,0.12
seroquel xr,0.554,25,8,4,0.24,0.2
"insulin inhalation, rapid acting",0.5535714285714286,14,2,0,0.0,0.0
acetaminophen / butalbital / caffeine,0.5532608695652174,46,13,1,0.10869565217391304,0.17391304347826086
cefuroxime,0.553125,16,5,1,0.0625,0.125
omalizumab,0.5527777777777778,18,4,0,0.1111111111111111,0.2222222222222222
liletta,0.5526315789473684,57,14,8,0.05263157894736842,0.45614035087719296
etanercept,0.5522727272727272,44,14,5,0.11363636363636363,0.22727272727272727
brimonidine,0.552,25,5,1,0.0,0.16
flexeril,0.5516129032258065,31,9,3,0.1935483870967742,0.06451612903225806
dexlansoprazole,0.5516129032258065,31,11,6,0.06451612903225806,0.06451612903225806
asenapine,0.5511627906976744,43,16,8,0.11627906976744186,0.32558139534883723
chlorzoxazone,0.55,10,3,2,0.0,0.0
vascepa,0.55,5,1,0,0.0,0.2
dilaudid-hp,0.55,2,1,0,0.0,0.0
natroba,0.55,2,1,0,0.0,0.0
acetaminophen / caffeine / dihydrocodeine,0.55,2,1,0,0.0,0.0
phenobarbital,0.55,5,1,0,0.0,0.0
robaxin-750,0.55,2,1,0,0.5,0.0
tylenol with codeine #4,0.55,2,1,0,0.5,0.5
aricept,0.55,5,1,0,0.0,0.2
zoledronic acid,0.55,15,4,2,0.0,0.13333333333333333
pyridium,0.55,5,1,0,0.0,0.0
spironolactone,0.55,74,24,8,0.4189189189189189,0.4864864864864865
clarifoam ef,0.55,2,1,0,0.0,0.0
benzoyl peroxide / erythromycin,0.55,5,1,0,0.2,0.4
mucinex d maximum strength,0.55,5,2,1,0.0,0.2
naratriptan,0.55,5,2,1,0.0,0.2
afrin,0.55,11,2,0,0.0,0.18181818181818182
zomig,0.55,12,4,1,0.0,0.08333333333333333
diltiazem,0.5476190476190477,21,7,3,0.19047619047619047,0.19047619047619047
fingolimod,0.5472222222222223,18,6,3,0.0,0.16666666666666666
cholestyramine,0.546875,16,5,2,0.0,0.1875
paragard,0.5467479674796748,123,26,13,0.10569105691056911,0.4065040650406504
pentasa,0.5454545454545454,11,3,2,0.36363636363636365,0.2727272727272727
lipitor,0.5454545454545454,11,4,2,0.09090909090909091,0.18181818181818182
leflunomide,0.5454545454545454,11,1,0,0.2727272727272727,0.2727272727272727
multivitamin,0.5454545454545454,11,2,1,0.18181818181818182,0.09090909090909091
imiquimod,0.5448275862068965,58,13,6,0.05172413793103448,0.3620689655172414
tizanidine,0.5444444444444444,36,12,7,0.027777777777777776,0.1388888888888889
invokana,0.5442857142857143,35,8,2,0.17142857142857143,0.11428571428571428
microgestin 1 / 20,0.5441176470588235,17,5,3,0.0,0.35294117647058826
naproxen / sumatriptan,0.5434782608695652,23,7,4,0.043478260869565216,0.043478260869565216
phentermine,0.5427130044843049,446,114,48,0.14349775784753363,0.4147982062780269
kyleena,0.5420454545454545,44,11,6,0.022727272727272728,0.4318181818181818
ceftin,0.5416666666666666,6,2,1,0.0,0.16666666666666666
mefenamic acid,0.5416666666666666,6,2,1,0.0,0.16666666666666666
orphenadrine,0.5416666666666666,12,3,2,0.16666666666666666,0.08333333333333333
elocon,0.5416666666666666,12,2,1,0.08333333333333333,0.25
vancomycin,0.5416666666666666,6,1,0,0.0,0.16666666666666666
chlorpromazine,0.5416666666666666,6,2,1,0.0,0.16666666666666666
ciclesonide,0.5416666666666666,6,1,0,0.0,0.0
jolivette,0.5416666666666666,18,4,2,0.0,0.5
diphenhydramine / naproxen,0.5416666666666666,6,2,1,0.0,0.0
lithium,0.5411764705882353,68,23,13,0.058823529411764705,0.1323529411764706
welchol,0.5388888888888889,9,2,0,0.0,0.0
relistor,0.5388888888888889,9,2,0,0.5555555555555556,0.1111111111111111
mycophenolate mofetil,0.5388888888888889,9,2,0,0.0,0.2222222222222222
atropine / diphenoxylate,0.5388888888888889,9,3,1,0.0,0.3333333333333333
oxycontin,0.5386792452830189,53,14,2,0.41509433962264153,0.1509433962264151
lurasidone,0.5384615384615384,104,36,20,0.34615384615384615,0.3173076923076923
dienogest / estradiol,0.5384615384615384,13,2,1,0.07692307692307693,0.15384615384615385
rexulti,0.5384615384615384,13,4,3,0.0,0.3076923076923077
modafinil,0.5379310344827586,58,19,10,0.13793103448275862,0.1896551724137931
relpax,0.5375,16,6,4,0.1875,0.125
dexmethylphenidate,0.5375,20,6,3,0.25,0.4
provigil,0.5369565217391304,23,6,1,0.2608695652173913,0.21739130434782608
diethylpropion,0.5365384615384615,26,8,2,0.3076923076923077,0.2692307692307692
daytrana,0.5357142857142857,14,3,1,0.2857142857142857,0.21428571428571427
senna,0.5357142857142857,7,3,2,0.0,0.2857142857142857
dupilumab,0.5357142857142857,7,2,0,0.42857142857142855,0.2857142857142857
hydroxyprogesterone,0.5357142857142857,14,1,0,0.0,0.42857142857142855
avinza,0.535,10,4,1,0.2,0.1
pramipexole,0.534375,32,10,5,0.0,0.1875
intuniv,0.534375,16,7,4,0.1875,0.125
fentanyl,0.5341772151898734,79,24,3,0.27848101265822783,0.20253164556962025
tramadol,0.5340350877192982,285,97,17,0.20701754385964913,0.14736842105263157
vaniqa,0.5333333333333333,15,1,0,0.0,0.26666666666666666
albuterol / ipratropium,0.5333333333333333,3,1,0,0.0,0.0
levsin sl,0.5333333333333333,3,1,0,0.0,0.3333333333333333
exforge hct,0.5333333333333333,3,1,0,0.0,0.0
zovirax cream,0.5333333333333333,3,1,0,0.0,0.0
methocarbamol,0.5328947368421053,38,12,4,0.05263157894736842,0.23684210526315788
silenor,0.5325,20,7,4,0.0,0.1
cimzia,0.53125,8,3,1,0.0,0.0
ashlyna,0.53125,8,2,1,0.0,0.25
ezetimibe,0.53125,8,1,0,0.25,0.125
ketamine,0.53125,8,2,1,0.0,0.125
phenytoin,0.53125,8,1,0,0.375,0.25
tofacitinib,0.53,10,3,1,0.1,0.2
tysabri,0.5294117647058824,17,3,2,0.17647058823529413,0.23529411764705882
imuran,0.5291666666666667,12,3,1,0.0,0.08333333333333333
remicade,0.5288461538461539,26,8,5,0.038461538461538464,0.19230769230769232
skyla,0.5288095238095238,210,38,20,0.1,0.42857142857142855
restoril,0.5285714285714286,21,7,4,0.2857142857142857,0.09523809523809523
cosentyx,0.5277777777777778,9,2,1,0.0,0.0
plavix,0.5277777777777778,9,1,0,0.2222222222222222,0.1111111111111111
kariva,0.5277777777777778,18,5,4,0.05555555555555555,0.2222222222222222
asacol,0.5277777777777778,9,2,1,0.0,0.2222222222222222
amoxicillin,0.5258620689655172,29,6,3,0.0,0.13793103448275862
naloxone / pentazocine,0.525,2,1,0,0.0,0.0
azathioprine,0.525,20,5,4,0.05,0.1
asacol hd,0.525,4,2,1,0.0,0.0
butorphanol,0.525,14,5,3,0.07142857142857142,0.14285714285714285
pazopanib,0.525,10,3,2,0.0,0.1
lactulose,0.525,14,2,0,0.14285714285714285,0.07142857142857142
penciclovir,0.525,4,1,0,0.0,0.0
lysteda,0.525,10,2,1,0.1,0.3
secobarbital,0.525,2,1,0,0.0,0.0
rosuvastatin,0.5238095238095238,21,5,2,0.19047619047619047,0.19047619047619047
copper,0.5229813664596273,161,33,24,0.06832298136645963,0.34782608695652173
dimenhydrinate,0.5227272727272727,11,5,4,0.09090909090909091,0.18181818181818182
pradaxa,0.5227272727272727,11,2,1,0.0,0.09090909090909091
fastin,0.5227272727272727,11,2,1,0.0,0.2727272727272727
dulcolax,0.521505376344086,93,25,20,0.03225806451612903,0.3548387096774194
dulera,0.5208333333333334,12,3,1,0.08333333333333333,0.08333333333333333
omnicef,0.52,10,4,2,0.0,0.1
elidel,0.52,5,1,0,0.2,0.2
gabapentin enacarbil,0.52,5,1,0,0.0,0.0
methylphenidate,0.5198347107438016,121,34,12,0.4132231404958678,0.2892561983471074
lisdexamfetamine,0.5196296296296297,135,40,17,0.3851851851851852,0.37037037037037035
lamisil,0.5194444444444445,18,4,2,0.05555555555555555,0.1111111111111111
norvasc,0.5192307692307693,13,2,1,0.46153846153846156,0.15384615384615385
golimumab,0.5192307692307693,13,4,0,0.15384615384615385,0.23076923076923078
polyethylene glycol 3350 with electrolytes,0.5190140845070422,71,14,5,0.014084507042253521,0.23943661971830985
ustekinumab,0.51875,24,6,2,0.2916666666666667,0.2916666666666667
valacyclovir,0.5177083333333333,48,13,5,0.08333333333333333,0.20833333333333334
wellbutrin,0.5172413793103449,87,28,18,0.10344827586206896,0.3103448275862069
diphenhydramine,0.5166666666666667,36,9,5,0.1388888888888889,0.08333333333333333
glipizide,0.5166666666666666,6,1,0,0.0,0.0
sutent,0.5166666666666666,3,1,0,0.6666666666666666,0.6666666666666666
prednisone,0.5163265306122449,98,30,17,0.21428571428571427,0.21428571428571427
oxybutynin,0.5163265306122449,49,12,4,0.10204081632653061,0.1836734693877551
dexilant,0.5142857142857142,28,9,5,0.17857142857142858,0.14285714285714285
focalin xr,0.5142857142857142,7,1,0,0.2857142857142857,0.2857142857142857
clindamycin,0.5139423076923076,104,23,9,0.028846153846153848,0.2403846153846154
maxalt-mlt,0.5138888888888888,18,6,4,0.05555555555555555,0.16666666666666666
disulfiram,0.5136363636363637,11,3,1,0.09090909090909091,0.2727272727272727
mirvaso,0.5125,20,4,1,0.1,0.25
concerta,0.5125,60,15,6,0.4166666666666667,0.35
nivolumab,0.5125,8,2,1,0.0,0.25
avanafil,0.5125,8,2,0,0.25,0.0
xanax xr,0.5125,8,3,1,0.125,0.125
methylin,0.5125,4,1,0,0.25,0.25
metformin,0.5125,68,16,11,0.08823529411764706,0.17647058823529413
sumatriptan,0.5118055555555555,72,21,12,0.08333333333333333,0.19444444444444445
bystolic,0.5112903225806451,31,8,5,0.2903225806451613,0.41935483870967744
interferon beta-1a,0.5111111111111111,9,3,2,0.1111111111111111,0.2222222222222222
alprostadil,0.5111111111111111,18,4,0,0.16666666666666666,0.2222222222222222
sodium oxybate,0.51,15,5,2,0.2,0.13333333333333333
acetazolamide,0.51,20,6,3,0.05,0.2
opium,0.51,5,1,0,0.4,0.4
primidone,0.51,10,4,2,0.4,0.2
copaxone,0.51,25,5,4,0.12,0.16
diflucan,0.509090909090909,11,3,0,0.0,0.18181818181818182
plan b,0.5090062111801242,161,44,34,0.037267080745341616,0.2795031055900621
levomilnacipran,0.5089285714285714,28,8,4,0.17857142857142858,0.35714285714285715
dilaudid,0.5083333333333333,48,12,4,0.020833333333333332,0.10416666666666667
farxiga,0.5083333333333333,12,1,0,0.0,0.25
makena,0.5083333333333333,12,2,1,0.0,0.5
risperidone,0.5082089552238805,67,21,12,0.04477611940298507,0.16417910447761194
viorele,0.5071428571428571,7,3,2,0.0,0.2857142857142857
olmesartan,0.5047619047619047,21,3,1,0.2857142857142857,0.2857142857142857
premarin,0.5045454545454545,11,2,0,0.18181818181818182,0.18181818181818182
diclofenac / misoprostol,0.5041666666666667,12,3,1,0.25,0.0
propofol,0.503731343283582,67,11,10,0.08955223880597014,0.208955223880597
hydrochlorothiazide,0.5037037037037037,27,7,4,0.14814814814814814,0.14814814814814814
polyethylene glycol 3350,0.503125,32,9,4,0.0625,0.0625
reglan,0.5029411764705882,34,10,9,0.08823529411764706,0.20588235294117646
spiriva,0.5029411764705882,17,3,0,0.0,0.11764705882352941
amitiza,0.5014705882352941,34,11,9,0.17647058823529413,0.20588235294117646
apri,0.5008771929824561,57,15,14,0.017543859649122806,0.45614035087719296
carboplatin,0.5,1,0,0,0.0,0.0
megace es,0.5,1,0,0,0.0,0.0
nilotinib,0.5,4,2,2,0.0,0.0
conzip,0.5,1,0,0,0.0,0.0
opcicon one-step,0.5,1,0,0,0.0,1.0
onglyza,0.5,2,0,0,0.0,0.0
omnaris,0.5,2,0,0,0.0,0.0
chlorambucil,0.5,1,0,0,0.0,0.0
onexton,0.5,2,0,0,0.0,0.5
cogentin,0.5,3,0,0,0.0,0.0
colace,0.5,1,0,0,0.0,0.0
cefepime,0.5,1,0,0,0.0,0.0
coq10,0.5,1,0,0,0.0,0.0
riboflavin,0.5,1,0,0,0.0,0.0
renvela,0.5,1,0,0,0.0,1.0
capzasin-p,0.5,1,0,0,0.0,0.0
cetuximab,0.5,1,0,0,0.0,0.0
revlimid,0.5,1,0,0,1.0,0.0
capzasin,0.5,1,0,0,0.0,0.0
melatonin,0.5,17,5,5,0.17647058823529413,0.0
pemetrexed,0.5,1,0,0,0.0,0.0
cardura xl,0.5,1,0,0,0.0,0.0
cervidil,0.5,1,0,0,0.0,0.0
menotropins,0.5,1,0,0,0.0,0.0
mepolizumab,0.5,2,1,1,0.0,0.5
INFLIXIMAB,0.5,2,0,0,0.0,1.0
carmol 20,0.5,1,0,0,0.0,0.0
olodaterol,0.5,1,0,0,0.0,0.0
INTERFERON BETA-1A,0.5,2,0,0,0.0,1.0
cellcept,0.5,7,1,0,0.0,0.0
meningococcal conjugate vaccine,0.5,1,0,0,0.0,0.0
necon 1 / 35,0.5,9,2,2,0.0,0.4444444444444444
necon 1 / 50,0.5,1,0,0,0.0,0.0
metrocream,0.5,3,0,0,0.0,0.0
nystatin,0.5,3,0,0,0.0,0.0
nyamyc,0.5,1,0,0,0.0,0.0
methylprednisolone,0.5,48,11,5,0.0625,0.0625
naphazoline,0.5,3,0,0,0.0,0.3333333333333333
naphazoline / pheniramine,0.5,3,1,1,0.0,0.3333333333333333
exubera,0.5,1,0,0,0.0,0.0
nuox,0.5,1,0,0,1.0,0.0
metrogel-vaginal,0.5,3,0,0,0.0,0.3333333333333333
metrogel,0.5,4,0,0,0.0,0.0
balsam peru / castor oil / trypsin,0.5,1,0,0,0.0,0.0
eyebright,0.5,1,0,0,0.0,0.0
benicar hct,0.5,4,0,0,0.25,0.0
regorafenib,0.5,1,0,0,0.0,0.0
colyte,0.5,1,0,0,0.0,0.0
ribavirin,0.5,1,0,0,0.0,1.0
everolimus,0.5,3,1,1,0.0,0.0
excedrin tension headache,0.5,2,0,0,0.0,0.0
ocular lubricant,0.5,11,1,1,0.0,0.2727272727272727
benzefoam ultra,0.5,1,0,0,0.0,0.0
excedrin quick tab,0.5,1,0,0,0.0,0.0
belladonna / opium,0.5,1,0,0,0.0,0.0
ex-lax regular strength pills,0.5,1,0,0,0.0,1.0
benzoic acid / salicylic acid,0.5,1,0,0,0.0,0.0
nortrel 1 / 35,0.5,3,1,1,0.0,0.0
nonoxynol 9,0.5,2,0,0,0.5,0.0
famotidine / ibuprofen,0.5,4,0,0,0.0,0.0
rebif rebidose,0.5,1,0,0,0.0,0.0
reclipsen,0.5,22,4,4,0.0,0.4090909090909091
nizoral,0.5,1,0,0,0.0,0.0
children's claritin allergy,0.5,1,0,0,0.0,0.0
BELIMUMAB,0.5,1,0,0,0.0,1.0
ISOTRETINOIN,0.5,1,0,0,0.0,1.0
cortizone-10,0.5,1,0,0,0.0,0.0
zymar,0.5,2,0,0,0.0,0.5
penicillin vk,0.5,3,1,1,0.0,0.0
ALPRAZOLAM,0.5,1,0,0,0.0,1.0
peridex,0.5,1,0,0,0.0,0.0
ribasphere,0.5,1,0,0,0.0,0.0
cosopt pf,0.5,1,0,0,0.0,1.0
coumadin,0.5,1,0,0,0.0,0.0
maxaron forte,0.5,2,0,0,0.0,0.0
mebaral,0.5,1,0,0,0.0,1.0
periogard,0.5,1,0,0,0.0,0.0
ortho-novum 1 / 35,0.5,4,2,2,0.0,0.5
coagulation factor ix,0.5,1,0,0,0.0,0.0
cobicistat / elvitegravir / emtricitabine / tenofovir alafenamide,0.5,12,2,2,0.08333333333333333,0.25
cosopt,0.5,1,0,0,0.0,0.0
avonex pen,0.5,1,0,0,0.0,0.0
axid,0.5,1,0,0,0.0,0.0
axid ar,0.5,1,0,0,0.0,0.0
azacitidine,0.5,4,0,0,0.0,0.0
lotronex,0.5,4,0,0,0.0,0.0
lovastatin / niacin,0.5,1,0,0,0.0,0.0
lovaza,0.5,1,0,0,0.0,0.0
cyclophosphamide,0.5,1,0,0,0.0,0.0
phenol,0.5,1,0,0,0.0,0.0
low-ogestrel-21,0.5,1,0,0,0.0,0.0
loxapine,0.5,1,0,0,0.0,0.0
lumigan,0.5,1,0,0,0.0,0.0
loprox,0.5,1,0,0,0.0,0.0
lorazepam intensol,0.5,2,1,1,0.0,0.0
cutivate,0.5,1,0,0,0.0,0.0
cyclafem 7 / 7 / 7,0.5,1,0,0,0.0,0.0
penicillin g benzathine,0.5,1,0,0,0.0,0.0
avastin,0.5,2,0,0,0.0,0.5
risperdal consta,0.5,1,0,0,0.0,0.0
phisohex,0.5,1,0,0,0.0,0.0
oxistat,0.5,1,0,0,0.0,0.0
ritalin-sr,0.5,1,0,0,0.0,1.0
peg-3350 with electolytes,0.5,1,0,0,0.0,0.0
rituxan,0.5,2,0,0,0.0,0.0
phendiet,0.5,1,0,0,0.0,1.0
peginterferon alfa-2a,0.5,4,1,1,0.0,0.25
paclitaxel,0.5,2,0,0,0.0,0.0
carac,0.5,2,0,0,0.5,0.0
ceftibuten,0.5,1,0,0,0.0,0.0
rho (d) immune globulin,0.5,1,0,0,0.0,0.0
nikki,0.5,1,0,0,0.0,0.0
rhofade,0.5,2,0,0,0.0,0.0
methscopolamine,0.5,2,0,0,0.0,0.0
rhinocort aqua,0.5,1,0,0,0.0,0.0
malarone,0.5,3,0,0,0.0,0.0
ortho-cept,0.5,3,1,1,0.0,0.3333333333333333
marezine,0.5,3,1,1,0.0,0.3333333333333333
pexeva,0.5,1,0,0,0.0,0.0
marlissa,0.5,1,0,0,0.0,0.0
perphenazine,0.5,3,1,1,0.3333333333333333,0.3333333333333333
oxaprozin,0.5,1,0,0,1.0,0.0
pioglitazone,0.5,7,1,0,0.14285714285714285,0.14285714285714285
rocaltrol,0.5,1,0,0,0.0,1.0
magnesium salicylate,0.5,1,0,0,1.0,0.0
lupron depot-ped,0.5,2,0,0,1.0,0.5
osphena,0.5,3,1,1,0.3333333333333333,0.3333333333333333
luxiq,0.5,1,0,0,0.0,0.0
ospemifene,0.5,2,0,0,0.0,0.0
osmoprep,0.5,1,0,0,0.0,1.0
pilocarpine,0.5,1,0,0,0.0,0.0
robitussin cough + chest congestion dm,0.5,1,0,0,0.0,0.0
macrodantin,0.5,6,1,1,0.0,0.0
panlor dc,0.5,1,0,0,0.0,0.0
brodalumab,0.5,1,0,0,0.0,0.0
panlor ss,0.5,2,0,0,0.0,0.0
prempro,0.5,2,0,0,0.0,0.0
premarin vaginal,0.5,3,0,0,0.6666666666666666,0.6666666666666666
pramlintide,0.5,1,0,0,0.0,0.0
plegridy,0.5,1,0,0,0.0,0.0
prevpac,0.5,10,3,3,0.0,0.6
prevnar 13,0.5,3,0,0,0.0,0.0
previfem,0.5,3,1,1,0.3333333333333333,0.0
parafon forte dsc,0.5,1,0,0,0.0,0.0
prevident 5000 plus,0.5,1,0,0,0.0,0.0
pneumococcal 23-polyvalent vaccine,0.5,2,0,0,0.0,0.0
buproban,0.5,2,0,0,0.0,0.0
podofilox,0.5,2,0,0,0.0,0.0
mestranol / norethindrone,0.5,2,0,0,0.0,0.0
mucomyst-10,0.5,1,0,0,0.0,0.0
ZIPRASIDONE,0.5,2,0,0,0.0,1.0
motofen,0.5,1,0,0,0.0,0.0
motrin infant drops,0.5,1,0,0,0.0,0.0
moxatag,0.5,1,0,0,0.0,0.0
VENLAFAXINE HYDROCHLORIDE,0.5,1,0,0,0.0,1.0
Unknown,0.5,17,0,0,0.0,0.9411764705882353
prevalite,0.5,1,0,0,0.0,0.0
TRAMADOL HYDROCHLORIDE,0.5,1,0,0,0.0,1.0
mircette,0.5,5,2,2,0.0,0.2
polycarbophil,0.5,1,0,0,0.0,0.0
ornex,0.5,1,0,0,0.0,0.0
orajel,0.5,1,0,0,0.0,0.0
opsumit,0.5,1,0,0,0.0,0.0
poly iron,0.5,1,0,0,0.0,0.0
premsyn pms,0.5,1,0,0,0.0,0.0
monodox,0.5,5,2,2,0.2,0.2
prasugrel,0.5,2,0,0,0.0,0.0
ciprodex,0.5,3,0,0,0.0,0.6666666666666666
calcitriol,0.5,3,0,0,0.0,0.0
prandin,0.5,1,0,0,0.0,0.0
calcitonin,0.5,1,0,0,0.0,0.0
choline salicylate / magnesium salicylate,0.5,1,0,0,0.0,0.0
chorionic gonadotropin (hcg),0.5,4,0,0,0.0,0.0
brompheniramine / dextromethorphan / pseudoephedrine,0.5,1,0,0,0.0,0.0
pramoxine / zinc oxide,0.5,1,0,0,0.0,0.0
caffeine,0.5,3,1,1,0.0,0.6666666666666666
cimetidine,0.5,1,0,0,0.0,0.0
mycolog ii,0.5,1,0,0,0.0,0.0
chlorpheniramine / dextromethorphan,0.5,1,0,0,0.0,0.0
chlorpheniramine / hydrocodone / phenylephrine,0.5,1,0,0,0.0,0.0
chlorpheniramine / phenylephrine,0.5,4,0,0,0.0,0.25
parlodel,0.5,2,0,0,0.0,0.0
chromium picolinate,0.5,2,0,0,0.0,0.0
brovana,0.5,2,0,0,0.0,0.0
bupivacaine,0.5,2,0,0,0.0,1.0
bosutinib,0.5,1,0,0,0.0,0.0
brilinta,0.5,4,1,1,0.25,0.0
novolog mix 70 / 30,0.5,1,0,0,0.0,0.0
briviact,0.5,1,0,0,0.0,0.0
nabumetone,0.5,3,0,0,0.3333333333333333,0.0
prednisolone,0.5,8,2,2,0.25,0.125
potassium chloride,0.5,1,0,0,0.0,0.0
calmoseptine,0.5,1,0,0,0.0,0.0
polymyxin b / trimethoprim,0.5,3,1,1,0.0,0.0
nafcillin,0.5,1,0,0,0.0,0.0
naftin,0.5,1,0,0,0.0,0.0
nalbuphine,0.5,4,0,0,0.0,0.25
parathyroid hormone,0.5,1,0,0,0.0,0.0
calcium acetate,0.5,1,0,0,0.0,0.0
potassium citrate,0.5,2,0,0,0.0,0.0
questran light,0.5,2,0,0,0.0,0.0
proventil hfa,0.5,1,0,0,0.0,0.0
ertaczo,0.5,1,0,0,0.0,0.0
pulmicort respules,0.5,1,0,0,0.0,0.0
propafenone,0.5,7,0,0,0.0,0.14285714285714285
propulsid,0.5,1,0,0,0.0,0.0
prostigmin bromide,0.5,1,0,0,0.0,0.0
probenecid,0.5,1,0,0,0.0,0.0
equetro,0.5,2,0,0,0.0,0.0
provenge,0.5,1,0,0,0.0,0.0
miglitol,0.5,1,0,0,0.0,0.0
milk thistle,0.5,1,0,0,0.0,0.0
minivelle,0.5,2,0,0,0.0,0.0
clocortolone,0.5,2,0,0,0.0,0.0
cloderm,0.5,2,0,0,0.0,0.0
clear eyes contact lens multi-action relief,0.5,1,0,0,0.0,0.0
protonix iv,0.5,1,0,0,0.0,0.0
novolin 70 / 30,0.5,1,0,0,0.0,0.0
methylergonovine,0.5,1,0,0,0.0,0.0
metadate er,0.5,1,0,0,0.0,0.0
natazia,0.5,4,1,1,0.0,0.5
metformin / saxagliptin,0.5,2,0,0,0.0,0.0
quinapril,0.5,2,1,1,0.0,0.0
r-tanna,0.5,1,0,0,0.0,0.0
q-dryl,0.5,1,0,0,0.0,0.0
nexafed nasal decongestant,0.5,2,1,1,0.0,1.0
neulasta,0.5,3,0,0,0.0,0.0
racepinephrine,0.5,1,0,0,0.0,0.0
radium 223 dichloride,0.5,1,0,0,0.0,0.0
rajani,0.5,2,0,0,0.0,1.0
pyrantel,0.5,1,0,0,0.0,0.0
zometa,0.5,3,0,0,0.0,0.0
pyrithione zinc,0.5,1,0,0,0.0,0.0
felodipine,0.5,1,0,0,0.0,0.0
GADODIAMIDE,0.5,1,0,0,0.0,1.0
benzoyl peroxide / sulfur,0.5,1,0,0,0.0,0.0
niacin / simvastatin,0.5,1,0,0,1.0,0.0
berinert,0.5,1,0,0,0.0,0.0
esgic,0.5,2,0,0,0.0,0.0
betapace,0.5,1,0,0,0.0,0.0
niacin,0.5,10,2,1,0.2,0.2
clindamax,0.5,1,0,0,0.0,0.0
bicalutamide,0.5,2,0,0,0.0,0.0
next choice,0.5,14,3,2,0.07142857142857142,0.21428571428571427
prezcobix,0.5,2,0,0,0.0,0.0
prezista,0.5,2,0,0,0.0,0.0
prialt,0.5,1,0,0,0.0,0.0
plecanatide,0.5,3,1,1,0.0,0.0
pitocin,0.5,1,0,0,0.0,0.0
prinivil,0.5,1,0,0,0.0,0.0
bethanechol,0.5,1,0,0,0.0,0.0
neosporin,0.5,2,0,0,0.0,0.0
clobazam,0.5,2,0,0,0.0,0.0
eptifibatide,0.5,1,0,0,0.0,0.0
clarinex,0.5,2,1,1,0.0,0.5
claritin,0.5,1,0,0,0.0,0.0
prolensa,0.5,1,0,0,0.0,0.0
prolixin,0.5,1,0,0,0.0,1.0
novolog flexpen,0.5,2,0,0,0.0,0.0
eplerenone,0.5,2,1,1,0.0,0.0
estradiol / norethindrone,0.5,7,2,1,0.14285714285714285,0.14285714285714285
promethazine dm,0.5,1,0,0,0.0,0.0
neo-synephrine nasal,0.5,1,0,0,0.0,0.0
neo-poly-dex,0.5,3,0,0,0.0,0.3333333333333333
bisoprolol,0.5,2,0,0,0.5,0.5
procyclidine,0.5,1,0,0,0.0,0.0
nembutal sodium,0.5,1,0,0,0.0,0.0
promacta,0.5,1,0,0,1.0,0.0
tylenol allergy multi-symptom nighttime,0.5,1,0,0,0.0,0.0
gelnique,0.5,1,0,0,0.0,0.0
doripenem,0.5,1,0,0,0.0,0.0
dorzolamide / timolol,0.5,1,0,0,0.0,0.0
gabarone,0.5,1,0,0,0.0,0.0
gabitril,0.5,1,0,0,0.0,0.0
gamunex-c,0.5,1,0,0,0.0,0.0
gatifloxacin,0.5,1,0,0,0.0,0.0
fortesta,0.5,6,1,0,0.3333333333333333,0.5
fosinopril,0.5,1,0,0,0.0,0.0
fluoride,0.5,1,0,0,0.0,0.0
zovia 1 / 35,0.5,1,0,0,0.0,1.0
tri-lo-estarylla,0.5,3,0,0,0.0,0.3333333333333333
triamterene,0.5,1,0,0,0.0,0.0
alpha 1-proteinase inhibitor,0.5,1,0,0,0.0,0.0
aldesleukin,0.5,1,0,0,0.0,0.0
alka-seltzer plus cold,0.5,1,0,0,0.0,0.0
allegra allergy,0.5,1,0,0,0.0,0.0
travoprost,0.5,2,0,0,0.0,0.0
tretin-x,0.5,1,0,0,0.0,0.0
albiglutide,0.5,1,0,0,0.0,0.0
ginseng,0.5,1,0,0,0.0,1.0
glimepiride,0.5,4,0,0,0.0,0.0
fluoroplex,0.5,1,0,0,0.0,0.0
adcirca,0.5,2,0,0,0.0,0.0
aerobid,0.5,1,0,0,0.0,0.0
fleet bisacodyl,0.5,1,0,0,0.0,0.0
flolan,0.5,1,0,0,0.0,0.0
flovent,0.5,3,1,1,0.0,0.3333333333333333
fluocinonide,0.5,5,1,1,0.0,0.4
egrifta,0.5,1,0,0,0.0,0.0
eldepryl,0.5,1,0,0,0.0,0.0
elestrin,0.5,1,0,0,0.0,0.0
durezol,0.5,2,0,0,0.0,0.5
dyrenium,0.5,1,0,0,0.0,0.0
tylenol 8 hour,0.5,1,0,0,0.0,0.0
edoxaban,0.5,1,0,0,0.0,0.0
efavirenz,0.5,1,0,0,0.0,1.0
flecainide,0.5,24,5,2,0.20833333333333334,0.25
unasyn,0.5,1,0,0,0.0,0.0
unisom sleepgels,0.5,1,0,0,0.0,0.0
univasc,0.5,1,0,0,0.0,0.0
adalat cc,0.5,1,0,0,1.0,0.0
uceris,0.5,1,0,0,0.0,0.0
tropicamide,0.5,1,0,0,0.0,0.0
trusopt,0.5,1,0,0,0.0,0.0
tykerb,0.5,1,0,0,0.0,0.0
edecrin,0.5,1,0,0,0.0,0.0
griseofulvin,0.5,1,0,0,0.0,0.0
guaifenesin / hydrocodone,0.5,1,0,0,0.0,0.0
glimepiride / rosiglitazone,0.5,1,0,0,0.0,0.0
glipizide xl,0.5,1,0,0,0.0,1.0
glucophage xr,0.5,1,0,0,0.0,0.0
glucose,0.5,1,0,0,0.0,0.0
glucotrol,0.5,1,0,0,0.0,0.0
gold sodium thiomalate,0.5,1,0,0,0.0,0.0
tessalon,0.5,3,0,0,0.0,0.3333333333333333
testopel,0.5,3,1,1,0.3333333333333333,0.0
tetrahydrozoline / zinc sulfate,0.5,2,0,0,0.0,0.5
duofilm,0.5,1,0,0,0.0,0.0
amitriptyline / chlordiazepoxide,0.5,1,0,0,0.0,0.0
amlodipine / atorvastatin,0.5,2,0,0,0.0,0.0
amlodipine / benazepril,0.5,5,2,2,0.2,0.4
amlodipine / telmisartan,0.5,2,0,0,0.0,0.0
ambrisentan,0.5,5,1,0,0.4,0.0
amethia lo,0.5,1,0,0,0.0,1.0
amikacin,0.5,1,0,0,0.0,0.0
terbutaline,0.5,2,0,0,0.0,0.0
altace,0.5,2,0,0,0.5,0.0
alvesco,0.5,2,0,0,0.0,0.0
hydrochlorothiazide / irbesartan,0.5,1,0,0,0.0,0.0
tev-tropin,0.5,1,0,0,0.0,0.0
gentamicin,0.5,1,0,0,0.0,0.0
gentian violet,0.5,1,0,0,0.0,0.0
dronedarone,0.5,1,0,0,0.0,0.0
tranxene sd,0.5,1,0,0,0.0,0.0
travatan,0.5,1,0,0,0.0,0.0
topicort,0.5,1,0,0,0.0,0.0
toradol iv / im,0.5,1,0,0,0.0,0.0
toujeo,0.5,1,0,0,0.0,0.0
toujeo solostar,0.5,1,0,0,0.0,1.0
tinzaparin,0.5,1,0,0,0.0,0.0
tobradex,0.5,2,0,0,0.0,0.0
granulex,0.5,1,0,0,0.0,0.0
tolnaftate,0.5,1,0,0,0.0,0.0
thorazine,0.5,4,0,0,0.0,0.5
tiagabine,0.5,1,0,0,0.0,0.0
ticagrelor,0.5,4,0,0,0.0,0.25
timolol,0.5,2,0,0,0.0,0.0
difluprednate,0.5,2,0,0,0.0,0.0
guarana,0.5,1,0,0,0.0,0.0
gynazole-1,0.5,1,0,0,0.0,1.0
habitrol,0.5,1,0,0,0.0,0.0
halofantrine,0.5,1,0,0,0.0,0.0
gonal-f,0.5,1,0,0,0.0,0.0
tobramycin,0.5,2,0,0,0.0,0.0
zanamivir,0.5,1,0,0,0.0,0.0
zarontin,0.5,1,0,0,0.0,0.0
zaroxolyn,0.5,1,0,0,0.0,0.0
zeasorb-af,0.5,1,0,0,0.0,0.0
zomig-zmt,0.5,1,0,0,1.0,0.0
CAPECITABINE,0.5,1,0,0,0.0,1.0
xgeva,0.5,1,0,0,0.0,0.0
yohimbine,0.5,4,0,0,0.0,0.25
zaditor,0.5,1,0,0,0.0,0.0
zetia,0.5,9,1,0,0.1111111111111111,0.2222222222222222
zinc oxide,0.5,2,0,0,0.0,0.0
urispas,0.5,1,0,0,0.0,0.0
zipsor,0.5,2,0,0,0.5,0.0
zirgan,0.5,1,0,0,0.0,1.0
TIOTROPIUM BROMIDE,0.5,2,0,0,0.0,1.0
TOFACITINIB,0.5,1,0,0,0.0,1.0
zegerid otc,0.5,1,0,0,0.0,0.0
zelboraf,0.5,1,0,0,0.0,0.0
OXYCODONE,0.5,1,0,0,0.0,1.0
PREGABALIN,0.5,3,0,0,0.0,1.0
QUETIAPINE,0.5,1,0,0,0.0,1.0
SERTRALINE,0.5,1,0,0,0.0,1.0
SITAGLIPTIN AND METFORMIN HYDROCHLORIDE,0.5,2,0,0,0.0,1.0
zioptan,0.5,3,0,0,0.0,0.0
xtampza er,0.5,4,1,0,0.25,0.0
accolate,0.5,1,0,0,0.0,0.0
acetaminophen / aspirin,0.5,1,0,0,0.0,0.0
acetaminophen / aspirin / caffeine / salicylamide,0.5,2,0,0,0.0,0.0
acetaminophen / caffeine / magnesium salicylate,0.5,1,0,0,0.0,0.0
abacavir / lamivudine,0.5,3,1,1,0.0,0.0
abilify discmelt,0.5,1,0,0,0.0,0.0
abiraterone,0.5,3,0,0,0.0,0.3333333333333333
acarbose,0.5,1,0,0,0.0,0.0
xeloda,0.5,2,0,0,0.0,0.5
casodex,0.5,1,0,0,0.0,0.0
ADALIMUMAB,0.5,2,0,0,0.0,1.0
ATORVASTATIN CALCIUM,0.5,1,0,0,0.0,1.0
estraderm,0.5,1,0,0,0.0,0.0
OMEPRAZOLE,0.5,1,0,0,0.0,1.0
zzzquil,0.5,1,0,0,0.0,0.0
CINACALCET HYDROCHLORIDE,0.5,1,0,0,0.0,1.0
DALFAMPRIDINE,0.5,1,0,0,0.0,1.0
DENOSUMAB,0.5,1,0,0,0.0,1.0
ABATACEPT,0.5,1,0,0,0.0,1.0
ABIRATERONE ACETATE,0.5,1,0,0,0.0,1.0
DOXAZOSIN,0.5,1,0,0,0.0,1.0
ESOMEPRAZOLE MAGNESIUM,0.5,1,0,0,0.0,1.0
evista,0.5,1,0,0,1.0,0.0
vectical,0.5,1,0,0,0.0,0.0
venofer,0.5,1,0,0,0.0,1.0
acetaminophen / chlorpheniramine / dextromethorphan / pseudoephedrine,0.5,1,0,0,0.0,0.0
acetaminophen / chlorpheniramine / phenylephrine,0.5,1,0,0,0.0,0.0
acetaminophen / dextromethorphan / guaifenesin / phenylephrine,0.5,1,0,0,0.0,0.0
feraheme,0.5,1,0,0,0.0,0.0
ferrous fumarate / iron polysaccharide,0.5,1,0,0,0.0,1.0
ferrous sulfate,0.5,5,1,1,0.0,0.0
fenofibric acid,0.5,1,0,0,0.0,0.0
fenugreek,0.5,1,0,0,0.0,0.0
feosol original,0.5,1,0,0,0.0,0.0
SOMATROPIN,0.5,1,0,0,0.0,1.0
entacapone,0.5,3,1,1,0.0,0.0
enteragam,0.5,1,0,0,0.0,0.0
eovist,0.5,1,0,0,0.0,0.0
empagliflozin,0.5,12,2,1,0.16666666666666666,0.08333333333333333
vanoxide-hc,0.5,1,0,0,0.0,0.0
vantin,0.5,1,0,0,0.0,0.0
uristat,0.5,2,0,0,0.0,0.0
ursodiol,0.5,6,0,0,0.0,0.0
afrin 4 hour extra moisturizing,0.5,1,0,0,0.0,0.0
alavert d-12 hour allergy and sinus,0.5,1,0,0,0.0,0.0
albendazole,0.5,1,0,0,0.0,0.0
enfuvirtide,0.5,1,0,0,0.0,0.0
LENALIDOMIDE,0.5,1,0,0,0.0,1.0
LETROZOLE,0.5,1,0,0,0.0,1.0
LISDEXAMFETAMINE DIMESYLATE,0.5,1,0,0,0.0,0.0
LITHIUM CARBONATE,0.5,1,0,0,0.0,1.0
METFORMIN,0.5,1,0,0,0.0,1.0
NAPROXEN,0.5,1,0,0,0.0,1.0
GOLIMUMAB,0.5,1,0,0,0.0,1.0
xeljanz xr,0.5,1,0,0,0.0,0.0
vytorin,0.5,1,0,0,1.0,0.0
vitamin b2,0.5,1,0,0,0.0,0.0
visine totality multi-symptom relief,0.5,2,0,0,0.0,0.5
vectibix,0.5,1,0,0,0.0,0.0
visrx dose pack,0.5,1,0,0,0.0,0.0
vibramycin,0.5,2,0,0,0.0,0.0
vicks sinex 12-hour decongestant nasal spray,0.5,1,0,0,0.0,0.0
vicks sinex nasal spray (old formulation),0.5,2,0,0,0.0,0.0
vigamox,0.5,2,0,0,0.0,0.0
actifed,0.5,1,0,0,0.0,0.0
actoplus met,0.5,1,0,0,0.0,1.0
acetaminophen / dextromethorphan / guaifenesin / pseudoephedrine,0.5,1,0,0,0.0,0.0
acetaminophen / phenylephrine,0.5,1,0,0,0.0,0.0
acetylcysteine,0.5,1,0,0,0.0,0.0
acitretin,0.5,1,0,0,0.0,0.0
visine-a,0.5,1,0,0,0.0,0.0
lactic acid,0.5,1,0,0,0.0,0.0
dasabuvir / ombitasvir / paritaprevir / ritonavir,0.5,1,0,0,0.0,0.0
deblitane,0.5,1,0,0,0.0,1.0
debrox,0.5,1,0,0,0.0,0.0
degarelix,0.5,1,0,0,0.0,1.0
darunavir,0.5,1,0,0,0.0,0.0
darvon,0.5,2,0,0,0.0,0.0
konsyl,0.5,1,0,0,0.0,0.0
cyklokapron,0.5,1,0,0,0.0,0.0
cylert,0.5,1,0,0,0.0,0.0
sipuleucel-t,0.5,1,0,0,0.0,0.0
hydrochlorothiazide / valsartan,0.5,2,0,0,0.0,0.0
sleep aid,0.5,2,1,1,0.0,0.5
siliq,0.5,1,0,0,0.0,0.0
silver,0.5,2,0,0,0.0,0.0
silver nitrate,0.5,1,0,0,0.0,0.0
simbrinza,0.5,2,0,0,0.0,0.0
simcor,0.5,3,0,0,0.0,0.0
simethicone,0.5,3,0,0,0.0,0.0
atropine / hyoscyamine / phenobarbital / scopolamine,0.5,6,2,2,0.0,0.0
atrovent,0.5,1,0,0,0.0,0.0
aubra,0.5,28,7,7,0.07142857142857142,0.39285714285714285
augmentin xr,0.5,1,0,0,0.0,0.0
sitavig,0.5,2,0,0,0.0,0.0
klor-con,0.5,1,0,0,0.0,1.0
kalbitor,0.5,1,0,0,0.0,0.0
kaletra,0.5,1,0,0,0.0,0.0
kapvay,0.5,2,1,1,0.0,0.0
desloratadine,0.5,4,1,1,0.0,0.0
desmopressin,0.5,8,0,0,0.0,0.0
desoximetasone,0.5,2,0,0,0.0,0.0
desquam-x wash,0.5,1,0,0,0.0,0.0
depo-provera contraceptive,0.5,2,0,0,0.0,0.0
dermatop,0.5,1,0,0,0.0,0.0
solarcaine burn relief,0.5,1,0,0,0.0,0.0
lactase,0.5,1,0,0,0.0,0.0
sominex,0.5,2,0,0,0.0,0.0
ascorbic acid,0.5,1,0,0,0.0,0.0
sofosbuvir,0.5,13,2,1,0.07692307692307693,0.3076923076923077
aristocort,0.5,1,0,0,0.0,0.0
arnuity ellipta,0.5,1,0,0,0.0,0.0
artane,0.5,1,0,0,0.0,0.0
aprepitant,0.5,2,1,1,0.0,0.0
arava,0.5,3,0,0,0.0,0.0
arformoterol,0.5,1,0,0,0.0,0.0
lac-hydrin,0.5,1,0,0,0.0,0.0
lactaid ultra,0.5,1,0,0,0.0,0.0
soma compound with codeine,0.5,1,0,0,0.0,1.0
cordarone,0.5,1,0,0,0.0,0.0
coricidin hbp cold & flu,0.5,1,0,0,0.0,0.0
corlanor,0.5,1,0,0,0.0,0.0
cortef,0.5,1,0,0,1.0,0.0
corticotropin,0.5,4,1,1,0.0,0.5
cortisporin otic,0.5,1,0,0,0.0,0.0
loestrin 21 1 / 20,0.5,4,1,1,0.0,0.5
livalo,0.5,5,0,0,0.2,0.0
lidocaine viscous,0.5,1,0,0,0.0,0.0
limbitrol ds,0.5,1,0,0,0.0,0.0
limbrel,0.5,1,0,0,0.0,0.0
avandia,0.5,2,0,0,0.0,0.0
rythmol sr,0.5,1,0,0,0.0,0.0
salicylic acid,0.5,2,1,1,0.0,0.5
salofalk,0.5,1,0,0,0.0,0.0
sanctura xr,0.5,2,0,0,0.0,0.0
romiplostim,0.5,1,0,0,0.0,0.0
azilsartan medoxomil,0.5,5,1,0,0.6,0.2
azithromycin dose pack,0.5,8,2,0,0.0,0.125
azopt,0.5,1,0,0,0.0,1.0
azurette,0.5,2,1,1,0.0,0.0
bacitracin / polymyxin b,0.5,1,0,0,0.0,0.0
aveed,0.5,1,0,0,0.0,1.0
rythmol,0.5,1,0,0,0.0,0.0
levophed,0.5,1,0,0,0.0,0.0
levoxyl,0.5,7,1,1,0.14285714285714285,0.42857142857142855
levacet,0.5,1,0,0,0.0,1.0
lemtrada,0.5,1,0,0,0.0,0.0
lenalidomide,0.5,3,0,0,0.0,0.0
letairis,0.5,1,0,0,0.0,0.0
lamisil at,0.5,2,1,1,0.0,0.0
lariam,0.5,1,0,0,0.0,0.0
larin fe 1 / 20,0.5,5,1,1,0.2,0.2
larin fe 1.5 / 30,0.5,1,0,0,0.0,0.0
latanoprost,0.5,2,0,0,0.0,0.0
sansert,0.5,1,0,0,0.0,0.0
aspirin / meprobamate,0.5,1,0,0,0.0,1.0
aspirin / oxycodone,0.5,1,0,0,0.0,0.0
asthmanefrin,0.5,1,0,0,0.0,0.0
atelvia,0.5,1,0,0,0.0,0.0
serax,0.5,2,1,1,0.5,0.0
serostim,0.5,1,0,0,0.0,0.0
aspirin / carisoprodol / codeine,0.5,1,0,0,0.0,1.0
selsun blue,0.5,1,0,0,0.0,0.0
senna plus,0.5,1,0,0,0.0,0.0
senokot,0.5,6,1,1,0.0,0.5
septra,0.5,2,0,0,0.0,0.0
latisse,0.5,1,0,0,0.0,0.0
dexamethasone / neomycin / polymyxin b,0.5,1,0,0,0.0,1.0
ibuprofen / pseudoephedrine,0.5,1,0,0,0.0,0.0
ilevro,0.5,1,0,0,0.0,0.0
hylenex,0.5,1,0,0,0.0,0.0
hydrocodone / pseudoephedrine,0.5,1,0,0,0.0,0.0
hydrocortisone / pramoxine,0.5,5,1,0,0.0,0.0
hydroquinone,0.5,1,0,0,1.0,0.0
hydroxocobalamin,0.5,1,0,0,0.0,0.0
hydroxyamphetamine / tropicamide,0.5,1,0,0,0.0,0.0
symlin,0.5,1,0,0,0.0,0.0
systane,0.5,2,0,0,0.0,0.0
kerafoam,0.5,1,0,0,0.0,0.0
antihemophilic factor,0.5,1,0,0,0.0,0.0
apidra,0.5,1,0,0,0.0,0.0
apixaban,0.5,6,1,1,0.16666666666666666,0.3333333333333333
supprelin la,0.5,1,0,0,0.0,0.0
suprax,0.5,1,0,0,0.0,0.0
sustiva,0.5,2,1,1,0.0,0.0
anafranil,0.5,8,2,2,0.125,0.125
angiomax,0.5,1,0,0,0.0,0.0
anti-diarrheal,0.5,2,0,0,0.0,0.0
ammonium lactate / halobetasol,0.5,1,0,0,0.0,0.0
amnesteem,0.5,4,1,1,0.0,0.5
systane ultra,0.5,1,0,0,0.0,0.0
doans pills extra strength,0.5,1,0,0,0.0,0.0
dobutamine,0.5,1,0,0,0.0,0.0
humalog kwikpen,0.5,2,0,0,0.0,0.0
humulin n,0.5,1,0,0,0.0,0.0
ditropan,0.5,1,0,0,0.0,0.0
divigel,0.5,1,0,0,0.0,0.0
dilantin,0.5,9,2,1,0.2222222222222222,0.3333333333333333
dimetapp children's cold & cough,0.5,1,0,0,0.0,0.0
dinoprostone,0.5,2,0,0,0.0,0.0
tenormin,0.5,6,1,1,0.3333333333333333,0.16666666666666666
terazosin,0.5,4,1,1,0.0,0.0
imitrex statdose,0.5,2,1,1,0.0,0.0
tears again,0.5,2,0,0,0.0,0.0
tecfidera,0.5,5,1,1,0.2,0.0
tegaserod,0.5,6,2,2,0.16666666666666666,0.0
tarina fe 1 / 20,0.5,4,0,0,0.0,0.25
tasigna,0.5,2,1,1,0.0,0.5
taxol,0.5,1,0,0,0.0,1.0
taxotere,0.5,2,0,0,0.0,0.0
taclonex scalp,0.5,2,0,0,0.0,0.0
take action,0.5,3,1,1,0.0,0.3333333333333333
taltz,0.5,3,1,0,0.0,0.6666666666666666
talwin nx,0.5,2,1,1,0.0,0.0
tazorac,0.5,3,0,0,0.0,0.3333333333333333
stadol,0.5,7,3,3,0.0,0.0
stelazine,0.5,1,0,0,0.0,0.0
sorafenib,0.5,1,0,0,0.0,0.0
sorbitol,0.5,1,0,0,0.0,0.0
sotret,0.5,1,0,0,0.0,0.0
spinosad,0.5,1,0,0,0.0,1.0
spiriva respimat,0.5,1,0,0,0.0,0.0
junel 1 / 20,0.5,1,0,0,0.0,0.0
deltasone,0.5,1,0,0,1.0,0.0
demadex,0.5,1,0,0,0.0,1.0
deoxycholic acid,0.5,2,0,0,0.0,0.5
amoxil,0.5,2,0,0,0.0,0.0
jencycla,0.5,1,0,0,0.0,1.0
jentadueto,0.5,2,0,0,0.0,0.0
iron sucrose,0.5,1,0,0,0.0,0.0
isentress,0.5,2,1,1,0.0,0.0
isoniazid,0.5,1,0,0,1.0,1.0
insulin regular,0.5,1,0,0,0.0,1.0
intal,0.5,2,0,0,0.0,0.5
intelence,0.5,2,0,0,0.0,0.0
interferon alfa-2b,0.5,1,0,0,0.0,0.0
interferon beta-1b,0.5,1,0,0,0.0,1.0
keppra xr,0.5,1,0,0,0.0,0.0
jakafi,0.5,1,0,0,0.0,0.0
"influenza virus vaccine, live, trivalent",0.5,1,0,0,0.0,0.0
insulin aspart / insulin degludec,0.5,1,0,0,0.0,0.0
insulin isophane / insulin regular,0.5,1,0,0,0.0,0.0
diflorasone,0.5,1,0,0,0.0,0.0
incruse ellipta,0.5,1,0,0,0.0,0.0
indocin,0.5,1,0,0,0.0,0.0
didrex,0.5,1,0,0,0.0,0.0
dextromethorphan / guaifenesin,0.5,1,0,0,0.0,0.0
dextromethorphan / guaifenesin / phenylephrine,0.5,1,0,0,0.0,1.0
dextromethorphan / guaifenesin / pseudoephedrine,0.5,1,0,0,0.0,0.0
dextromethorphan / phenylephrine / pyrilamine,0.5,1,0,0,0.0,0.0
st. john's wort,0.5,7,2,2,0.14285714285714285,0.2857142857142857
sucralfate,0.5,10,2,2,0.0,0.0
sucroferric oxyhydroxide,0.5,1,0,0,0.0,0.0
sudafed pe congestion,0.5,1,0,0,0.0,0.0
sulfacetamide sodium,0.5,3,1,0,0.0,0.0
sulfasalazine,0.5,11,1,1,0.09090909090909091,0.0
sulfazine,0.5,2,0,0,0.0,0.0
sulindac,0.5,2,0,0,0.0,0.0
sterapred,0.5,1,0,0,0.0,0.0
sterapred ds,0.5,1,0,0,0.0,0.0
stribild,0.5,11,1,1,0.0,0.5454545454545454
striverdi respimat,0.5,1,0,0,0.0,0.0
sprycel,0.5,4,1,0,0.75,0.25
di-gel,0.5,1,0,0,0.0,0.0
azithromycin,0.49964285714285717,140,31,19,0.02857142857142857,0.17857142857142858
minocycline,0.49954545454545457,110,31,26,0.22727272727272727,0.2727272727272727
bupropion,0.49731800766283524,261,74,48,0.12643678160919541,0.31417624521072796
tamsulosin,0.4968085106382979,47,10,7,0.06382978723404255,0.06382978723404255
cefdinir,0.49605263157894736,38,9,6,0.0,0.13157894736842105
albuterol,0.49473684210526314,19,5,1,0.0,0.10526315789473684
levonorgestrel,0.4946728971962617,1070,239,210,0.08224299065420561,0.3532710280373832
lamotrigine,0.49455128205128207,156,44,25,0.17307692307692307,0.28846153846153844
yuvafem,0.49444444444444446,9,2,0,0.0,0.1111111111111111
belviq,0.49433962264150944,159,43,18,0.07547169811320754,0.4025157232704403
prazosin,0.494,25,8,6,0.04,0.2
strattera,0.49375,72,22,17,0.4166666666666667,0.3333333333333333
vyvanse,0.49356060606060603,132,38,14,0.4166666666666667,0.26515151515151514
vilazodone,0.4926086956521739,115,33,18,0.22608695652173913,0.26956521739130435
moviprep,0.4922222222222222,45,11,2,0.08888888888888889,0.24444444444444444
cyproheptadine,0.4921875,32,8,6,0.0625,0.34375
finasteride,0.4921052631578947,19,3,2,0.15789473684210525,0.10526315789473684
levocetirizine,0.49189189189189186,37,9,5,0.02702702702702703,0.10810810810810811
latuda,0.49176470588235294,85,26,18,0.2,0.4470588235294118
lutera,0.49130434782608695,69,16,14,0.043478260869565216,0.37681159420289856
amoxicillin / clavulanate,0.4912087912087912,91,25,18,0.0,0.15384615384615385
carbamazepine,0.49117647058823527,51,12,8,0.11764705882352941,0.1568627450980392
armodafinil,0.4911111111111111,45,10,7,0.06666666666666667,0.15555555555555556
mirena,0.48945945945945946,370,71,75,0.13243243243243244,0.34594594594594597
ledipasvir / sofosbuvir,0.4893939393939394,66,19,18,0.030303030303030304,0.25757575757575757
risperdal,0.4891304347826087,23,3,1,0.0,0.13043478260869565
nucynta er,0.48846153846153845,13,4,2,0.38461538461538464,0.15384615384615385
bactrim,0.48818181818181816,55,14,13,0.01818181818181818,0.16363636363636364
delsym,0.4880952380952381,21,3,2,0.0,0.23809523809523808
baclofen,0.48727272727272725,55,15,3,0.21818181818181817,0.14545454545454545
keppra,0.4868421052631579,38,9,6,0.10526315789473684,0.18421052631578946
beclomethasone,0.4863636363636364,11,3,2,0.18181818181818182,0.18181818181818182
luvox,0.4863636363636364,11,3,1,0.2727272727272727,0.2727272727272727
valproic acid,0.4863636363636364,11,2,1,0.0,0.18181818181818182
solifenacin,0.4861111111111111,18,3,3,0.05555555555555555,0.05555555555555555
armour thyroid,0.4857142857142857,21,6,3,0.09523809523809523,0.09523809523809523
morphine,0.485,50,9,2,0.4,0.2
cymbalta,0.48384279475982533,229,72,51,0.21397379912663755,0.2052401746724891
tranylcypromine,0.48333333333333334,15,3,3,0.4,0.26666666666666666
pitavastatin,0.48333333333333334,9,2,1,0.1111111111111111,0.2222222222222222
doryx,0.48333333333333334,9,1,0,0.0,0.2222222222222222
vistaril,0.4826923076923077,26,6,4,0.23076923076923078,0.15384615384615385
dextromethorphan,0.4817073170731707,41,7,3,0.0,0.04878048780487805
liothyronine,0.48125,8,1,0,0.0,0.125
nortriptyline,0.4808641975308642,81,19,13,0.41975308641975306,0.2345679012345679
librax,0.4807692307692308,13,2,2,0.0,0.15384615384615385
atomoxetine,0.4803030303030303,66,19,11,0.36363636363636365,0.36363636363636365
geodon,0.48,50,11,7,0.28,0.24
amphetamine / dextroamphetamine,0.4799107142857143,112,27,18,0.4107142857142857,0.30357142857142855
wellbutrin xl,0.4796875,32,6,5,0.03125,0.125
propranolol,0.4794871794871795,156,38,31,0.391025641025641,0.28846153846153844
megestrol,0.4791666666666667,12,3,3,0.08333333333333333,0.16666666666666666
levaquin,0.4787037037037037,54,13,11,0.018518518518518517,0.2037037037037037
veltin,0.4785714285714286,7,1,0,0.0,0.42857142857142855
ramipril,0.4772727272727273,11,2,2,0.36363636363636365,0.0
fluconazole,0.47719298245614034,57,14,10,0.05263157894736842,0.12280701754385964
ciprofloxacin,0.4770408163265306,98,24,17,0.02040816326530612,0.21428571428571427
loestrin 24 fe,0.47684563758389265,149,34,34,0.0738255033557047,0.37583892617449666
yaz,0.4766666666666667,120,31,33,0.05,0.36666666666666664
crestor,0.4764705882352941,17,3,2,0.11764705882352941,0.17647058823529413
zolpidem,0.47615384615384615,130,38,30,0.13846153846153847,0.16153846153846155
ethinyl estradiol / levonorgestrel,0.475992438563327,529,110,115,0.024574669187145556,0.3780718336483932
levofloxacin,0.4759036144578313,83,17,12,0.04819277108433735,0.1927710843373494
diamox,0.475,10,2,2,0.2,0.2
keflex,0.475,10,1,0,0.0,0.0
zepatier,0.475,8,2,1,0.0,0.375
creon,0.475,6,1,0,0.16666666666666666,0.16666666666666666
amitriptyline,0.4744394618834081,223,61,47,0.4125560538116592,0.23318385650224216
ropinirole,0.47333333333333333,45,9,4,0.1111111111111111,0.15555555555555556
fluticasone / vilanterol,0.4727272727272727,11,2,0,0.0,0.09090909090909091
lyrica,0.4725409836065574,122,28,21,0.22950819672131148,0.11475409836065574
plan b one-step,0.4723809523809524,105,26,24,0.01904761904761905,0.3333333333333333
vraylar,0.4722222222222222,18,5,4,0.0,0.3333333333333333
donepezil,0.4722222222222222,9,2,2,0.2222222222222222,0.0
tamoxifen,0.471875,16,2,1,0.125,0.3125
losartan,0.4707547169811321,53,11,10,0.37735849056603776,0.22641509433962265
wellbutrin sr,0.47058823529411764,17,5,5,0.23529411764705882,0.35294117647058826
topamax,0.46988636363636366,88,22,15,0.17045454545454544,0.25
avelox,0.4696969696969697,33,9,8,0.030303030303030304,0.12121212121212122
clarithromycin,0.46964285714285714,84,21,20,0.03571428571428571,0.19047619047619047
medroxyprogesterone,0.4695167286245353,269,53,61,0.05947955390334572,0.3754646840148699
synthroid,0.46875,24,5,3,0.125,0.25
fluoxetine,0.46875,232,62,49,0.33189655172413796,0.2801724137931034
nifedipine,0.46875,16,2,2,0.0625,0.0625
insulin degludec,0.46875,8,1,0,0.0,0.125
hydrochlorothiazide / lisinopril,0.46875,8,1,0,0.0,0.25
eszopiclone,0.4671875,32,8,5,0.0625,0.15625
milnacipran,0.46714285714285714,70,21,18,0.08571428571428572,0.17142857142857143
gabapentin,0.46689895470383275,287,79,45,0.11498257839721254,0.2229965156794425
tri-lo-sprintec,0.4666666666666667,15,3,4,0.0,0.5333333333333333
lupron,0.4666666666666667,12,3,3,0.0,0.08333333333333333
norethindrone,0.46605504587155966,109,22,24,0.027522935779816515,0.3486238532110092
rituximab,0.465625,16,4,2,0.25,0.1875
zyclara,0.4642857142857143,7,1,1,0.0,0.2857142857142857
paxil,0.4639830508474576,118,35,26,0.2711864406779661,0.17796610169491525
cozaar,0.4636363636363636,11,2,1,0.2727272727272727,0.18181818181818182
xyzal,0.46296296296296297,27,5,5,0.0,0.18518518518518517
ziprasidone,0.4628787878787879,66,13,12,0.16666666666666666,0.30303030303030304
byetta,0.4625,12,4,4,0.08333333333333333,0.16666666666666666
bisacodyl,0.46228070175438596,171,37,45,0.04678362573099415,0.2631578947368421
fetzima,0.4621212121212121,33,7,4,0.21212121212121213,0.30303030303030304
homatropine / hydrocodone,0.46153846153846156,13,4,4,0.0,0.0
hydroxychloroquine,0.46111111111111114,36,9,10,0.05555555555555555,0.2222222222222222
buprenorphine,0.45982142857142855,56,15,4,0.21428571428571427,0.2857142857142857
atarax,0.4588235294117647,17,2,1,0.29411764705882354,0.23529411764705882
camrese,0.45869565217391306,23,4,4,0.0,0.43478260869565216
verapamil,0.4583333333333333,18,3,3,0.16666666666666666,0.1111111111111111
capsaicin,0.4583333333333333,12,1,1,0.0,0.08333333333333333
ibrutinib,0.4583333333333333,6,0,0,0.0,0.0
savella,0.4564814814814815,54,15,12,0.2222222222222222,0.2222222222222222
taytulla,0.45625,16,3,3,0.0,0.5
imatinib,0.45555555555555555,9,2,2,0.0,0.0
minoxidil,0.45555555555555555,18,2,2,0.05555555555555555,0.2222222222222222
triazolam,0.45555555555555555,9,3,3,0.1111111111111111,0.1111111111111111
atorvastatin,0.45555555555555555,27,4,4,0.37037037037037035,0.2222222222222222
atenolol,0.45517241379310347,29,6,6,0.06896551724137931,0.2413793103448276
allegra,0.45454545454545453,11,2,2,0.18181818181818182,0.18181818181818182
insulin glargine,0.45454545454545453,11,2,2,0.0,0.0
prolia,0.45454545454545453,11,1,2,0.0,0.09090909090909091
drospirenone / ethinyl estradiol,0.45454545454545453,253,63,73,0.05533596837944664,0.3675889328063241
celexa,0.45167785234899327,149,41,43,0.26174496644295303,0.2953020134228188
efavirenz / emtricitabine / tenofovir,0.45,15,2,3,0.0,0.2
arthrotec,0.45,5,0,0,0.2,0.2
ortho tri-cyclen,0.45,37,10,12,0.13513513513513514,0.43243243243243246
ranolazine,0.45,5,1,1,0.2,0.0
amlodipine / olmesartan,0.45,16,3,3,0.0,0.3125
bunavail,0.45,4,1,0,0.25,0.5
monurol,0.45,3,1,0,0.0,0.3333333333333333
serzone,0.45,3,1,0,0.0,0.0
cheratussin ac,0.45,5,0,0,0.0,0.0
tylenol pm,0.45,4,1,0,0.0,0.25
pravastatin,0.45,5,0,0,0.2,0.2
sovaldi,0.45,5,0,0,0.0,0.0
januvia,0.45,13,1,1,0.15384615384615385,0.15384615384615385
aviane,0.4487654320987654,81,17,24,0.04938271604938271,0.2962962962962963
lisinopril,0.447752808988764,89,13,14,0.24719101123595505,0.19101123595505617
lorcaserin,0.44733727810650886,169,36,27,0.07100591715976332,0.31952662721893493
ramelteon,0.4472222222222222,18,4,3,0.0,0.16666666666666666
valium,0.4470588235294118,34,7,6,0.14705882352941177,0.14705882352941177
pregabalin,0.44703947368421054,152,37,35,0.27631578947368424,0.19078947368421054
oxcarbazepine,0.44696969696969696,33,8,7,0.0,0.2727272727272727
guaifenesin / pseudoephedrine,0.44696969696969696,33,7,6,0.030303030303030304,0.24242424242424243
ethinyl estradiol / norelgestromin,0.4468,125,29,40,0.016,0.36
aripiprazole,0.4467153284671533,137,30,34,0.145985401459854,0.17518248175182483
apremilast,0.44456521739130433,46,11,13,0.10869565217391304,0.17391304347826086
loryna,0.4444444444444444,9,1,2,0.0,0.3333333333333333
hydrochlorothiazide / triamterene,0.4444444444444444,9,1,2,0.1111111111111111,0.3333333333333333
zarah,0.4444444444444444,9,2,3,0.0,0.2222222222222222
ms contin,0.4444444444444444,9,2,2,0.5555555555555556,0.0
campral,0.4442307692307692,26,7,0,0.0,0.19230769230769232
subutex,0.4441176470588235,17,5,0,0.058823529411764705,0.29411764705882354
depo-provera,0.4439130434782609,230,37,51,0.04782608695652174,0.3695652173913043
junel fe 1.5 / 30,0.44375,16,2,3,0.25,0.1875
nadolol,0.44285714285714284,7,1,1,0.2857142857142857,0.14285714285714285
dermal filler,0.44285714285714284,7,1,1,0.0,0.14285714285714285
teriparatide,0.4423076923076923,13,2,3,0.07692307692307693,0.38461538461538464
loseasonique,0.4423076923076923,26,3,5,0.0,0.11538461538461539
gilenya,0.4423076923076923,13,2,3,0.07692307692307693,0.15384615384615385
abacavir / dolutegravir / lamivudine,0.4411764705882353,17,4,6,0.0,0.23529411764705882
librium,0.44047619047619047,21,6,0,0.23809523809523808,0.19047619047619047
ethinyl estradiol / etonogestrel,0.44005524861878453,181,35,49,0.027624309392265192,0.281767955801105
methadone,0.43798076923076923,104,20,2,0.20192307692307693,0.21153846153846154
depakote,0.4379310344827586,29,7,7,0.06896551724137931,0.2413793103448276
piroxicam,0.4375,4,0,0,0.25,0.25
roxicodone,0.4375,12,1,1,0.3333333333333333,0.08333333333333333
quasense,0.4375,8,1,2,0.0,0.5
mydayis,0.4375,4,1,1,0.25,0.25
tarceva,0.4375,8,2,3,0.0,0.0
my way,0.4375,8,1,2,0.25,0.375
zonisamide,0.4375,12,0,1,0.08333333333333333,0.0
haloperidol,0.4375,12,2,3,0.08333333333333333,0.25
vimovo,0.4375,4,0,0,0.25,0.25
octreotide,0.4375,4,1,1,0.5,0.0
methotrexate,0.4368421052631579,38,7,9,0.15789473684210525,0.18421052631578946
nexplanon,0.43677884615384616,624,102,159,0.020833333333333332,0.4519230769230769
silodosin,0.4363636363636364,22,3,3,0.18181818181818182,0.22727272727272727
divalproex sodium,0.4362745098039216,51,12,17,0.0784313725490196,0.2549019607843137
levora,0.43625,40,8,10,0.025,0.325
gildess fe 1 / 20,0.436046511627907,43,6,11,0.11627906976744186,0.37209302325581395
ovcon 35,0.4357142857142857,7,2,2,0.0,0.42857142857142855
leuprolide,0.4353658536585366,41,5,8,0.07317073170731707,0.2926829268292683
topiramate,0.4353125,160,23,21,0.2625,0.30625
jolessa,0.43478260869565216,23,4,7,0.043478260869565216,0.30434782608695654
nuvigil,0.4342105263157895,38,7,10,0.0,0.15789473684210525
endocet,0.43333333333333335,6,1,1,0.16666666666666666,0.0
lamictal,0.43333333333333335,72,14,10,0.1111111111111111,0.20833333333333334
"multivitamin, prenatal",0.43333333333333335,15,4,6,0.0,0.06666666666666667
risedronate,0.43333333333333335,6,1,1,0.16666666666666666,0.16666666666666666
doxepin,0.4328947368421053,38,9,12,0.21052631578947367,0.05263157894736842
temazepam,0.4315217391304348,46,10,9,0.1956521739130435,0.15217391304347827
seasonique,0.4309090909090909,55,8,13,0.03636363636363636,0.38181818181818183
etonogestrel,0.43063806380638064,909,154,255,0.0176017601760176,0.385038503850385
rivaroxaban,0.43,20,4,6,0.15,0.35
levetiracetam,0.4292682926829268,41,8,9,0.0975609756097561,0.12195121951219512
implanon,0.42865329512893985,349,63,105,0.011461318051575931,0.37822349570200575
diovan,0.4285714285714286,7,1,1,0.14285714285714285,0.14285714285714285
prozac,0.4285714285714286,126,34,39,0.2857142857142857,0.373015873015873
bismuth subsalicylate,0.4285714285714286,7,0,1,0.0,0.0
amiodarone,0.4285714285714286,7,1,2,0.0,0.14285714285714285
ambien cr,0.4285714285714286,14,3,5,0.0,0.0
codeine,0.4285714285714286,7,1,1,0.0,0.0
febuxostat,0.4285714285714286,7,1,1,0.14285714285714285,0.0
clopidogrel,0.4285714285714286,7,0,1,0.14285714285714285,0.14285714285714285
fesoterodine,0.4285714285714286,7,0,1,0.0,0.14285714285714285
votrient,0.4285714285714286,7,1,2,0.0,0.14285714285714285
linagliptin,0.4285714285714286,7,1,2,0.0,0.0
sertraline,0.4275555555555556,450,112,132,0.38222222222222224,0.3244444444444444
desogestrel / ethinyl estradiol,0.42743055555555554,144,25,40,0.027777777777777776,0.2638888888888889
zyprexa,0.42727272727272725,33,8,9,0.15151515151515152,0.12121212121212122
xolair,0.42727272727272725,11,1,1,0.0,0.2727272727272727
tylenol with codeine #3,0.4260869565217391,23,4,3,0.043478260869565216,0.08695652173913043
acamprosate,0.42586206896551726,29,8,1,0.0,0.20689655172413793
nuvaring,0.4257062146892655,177,30,50,0.04519774011299435,0.3672316384180791
xulane,0.4256410256410256,39,7,12,0.02564102564102564,0.3333333333333333
duloxetine,0.4250871080139373,287,63,57,0.24041811846689895,0.2229965156794425
clobex,0.425,4,1,0,0.0,0.0
moxifloxacin,0.42424242424242425,33,6,8,0.0,0.06060606060606061
metronidazole,0.42392241379310347,232,48,70,0.034482758620689655,0.38362068965517243
portia,0.42391304347826086,23,4,7,0.0,0.34782608695652173
thyroid desiccated,0.42317073170731706,41,9,10,0.14634146341463414,0.12195121951219512
femara,0.4230769230769231,13,2,4,0.07692307692307693,0.23076923076923078
blisovi fe 1 / 20,0.4230769230769231,13,1,3,0.0,0.38461538461538464
qsymia,0.42258064516129035,93,13,8,0.0967741935483871,0.43010752688172044
letrozole,0.42105263157894735,19,4,6,0.15789473684210525,0.42105263157894735
ethinyl estradiol / norgestimate,0.42094017094017094,585,111,178,0.03076923076923077,0.3811965811965812
edex,0.42,5,1,0,0.4,0.2
amlodipine,0.42,55,6,11,0.2545454545454545,0.2909090909090909
prepopik,0.41875,24,3,0,0.08333333333333333,0.08333333333333333
trinessa,0.41785714285714287,84,15,28,0.023809523809523808,0.35714285714285715
coricidin hbp cough & cold,0.4166666666666667,3,0,0,0.0,0.0
paliperidone,0.4166666666666667,24,3,5,0.08333333333333333,0.20833333333333334
lioresal,0.4166666666666667,3,0,0,0.0,0.0
rebif,0.4166666666666667,3,1,1,0.6666666666666666,0.3333333333333333
cyanocobalamin,0.4166666666666667,3,0,0,0.0,0.0
rotigotine,0.4166666666666667,6,0,1,0.16666666666666666,0.16666666666666666
dronabinol,0.4166666666666667,9,1,2,0.1111111111111111,0.2222222222222222
elavil,0.4166666666666667,33,4,6,0.45454545454545453,0.15151515151515152
kombiglyze xr,0.4166666666666667,3,0,0,0.0,0.0
excedrin,0.4166666666666667,3,0,0,0.0,0.0
darifenacin,0.4166666666666667,3,0,0,0.6666666666666666,0.0
dalmane,0.4166666666666667,3,1,1,0.3333333333333333,0.3333333333333333
zantac 150,0.4166666666666667,6,1,2,0.0,0.0
forteo,0.4166666666666667,6,0,1,0.5,0.16666666666666666
formoterol / mometasone,0.4166666666666667,6,1,1,0.16666666666666666,0.16666666666666666
orencia,0.4166666666666667,3,0,0,0.0,0.0
fentora,0.4166666666666667,3,0,0,0.0,0.3333333333333333
human papillomavirus vaccine,0.4166666666666667,6,0,1,0.0,0.3333333333333333
quillivant xr,0.4166666666666667,3,1,1,0.0,0.0
hydrea,0.4166666666666667,3,0,0,0.0,0.0
azo-standard,0.4166666666666667,3,1,1,0.0,0.0
gavilyte-g,0.4166666666666667,3,0,0,0.0,0.6666666666666666
metoprolol tartrate,0.4166666666666667,3,0,0,0.0,0.0
progesterone,0.4166666666666667,9,1,2,0.3333333333333333,0.4444444444444444
dupixent,0.4166666666666667,3,0,0,0.0,0.6666666666666666
zaleplon,0.41470588235294115,17,4,3,0.23529411764705882,0.17647058823529413
suprep bowel prep kit,0.41420454545454544,176,27,23,0.05113636363636364,0.14772727272727273
desvenlafaxine,0.4139784946236559,186,42,40,0.24731182795698925,0.2903225806451613
transderm-scop,0.41333333333333333,15,4,4,0.0,0.2
clonidine,0.4126984126984127,63,15,12,0.1111111111111111,0.2698412698412698
ethinyl estradiol / norethindrone,0.41264667535853977,767,128,230,0.048239895697522815,0.3624511082138201
paxil cr,0.4125,8,2,2,0.375,0.125
evamist,0.4125,4,1,0,0.0,0.5
viibryd,0.411864406779661,118,28,28,0.3474576271186441,0.2457627118644068
ella,0.4117647058823529,17,1,4,0.0,0.11764705882352941
dalfampridine,0.4115384615384615,13,1,2,0.07692307692307693,0.15384615384615385
nicoderm cq,0.4115384615384615,13,4,0,0.15384615384615385,0.3076923076923077
metoprolol,0.4112676056338028,71,12,18,0.352112676056338,0.19718309859154928
quetiapine,0.4107142857142857,182,42,48,0.2967032967032967,0.2032967032967033
alesse,0.4107142857142857,28,5,10,0.03571428571428571,0.39285714285714285
fluvoxamine,0.4106060606060606,33,5,4,0.21212121212121213,0.21212121212121213
falmina,0.41000000000000003,10,2,3,0.0,0.3
harvoni,0.41,60,11,20,0.06666666666666667,0.23333333333333334
effexor xr,0.4094736842105263,95,22,14,0.18947368421052632,0.21052631578947367
lexapro,0.40933609958506223,241,56,79,0.26141078838174275,0.3278008298755187
conjugated estrogens,0.40909090909090906,11,1,2,0.09090909090909091,0.18181818181818182
brexpiprazole,0.40909090909090906,22,3,6,0.045454545454545456,0.3181818181818182
magnesium sulfate / potassium sulfate / sodium sulfate,0.4088757396449704,169,26,15,0.01775147928994083,0.2485207100591716
hydroxyzine,0.4079136690647482,139,31,39,0.2158273381294964,0.2446043165467626
lo loestrin fe,0.40728155339805827,206,32,62,0.038834951456310676,0.3640776699029126
metformin / sitagliptin,0.40625,8,1,2,0.0,0.125
famciclovir,0.4041666666666667,12,1,1,0.08333333333333333,0.08333333333333333
microgestin fe 1 / 20,0.40405405405405403,111,19,36,0.036036036036036036,0.35135135135135137
chantix,0.4040106951871658,187,34,28,0.06417112299465241,0.25133689839572193
ethinyl estradiol / norgestrel,0.404,50,6,11,0.02,0.26
blisovi 24 fe,0.40384615384615385,26,3,8,0.0,0.5
bactrim ds,0.40384615384615385,26,6,10,0.038461538461538464,0.5
valsartan,0.40384615384615385,13,1,3,0.07692307692307693,0.15384615384615385
ortho micronor,0.40384615384615385,26,4,9,0.0,0.3076923076923077
lupron depot,0.4026315789473684,19,2,3,0.10526315789473684,0.47368421052631576
dramamine,0.4,5,1,2,0.0,0.0
cytomel,0.4,5,1,1,0.0,0.0
zyvox,0.4,5,0,1,0.0,0.0
pneumococcal 13-valent vaccine,0.4,5,0,1,0.0,0.0
minastrin 24 fe,0.4,41,3,9,0.024390243902439025,0.21951219512195122
carvedilol,0.4,25,5,8,0.16,0.04
cartia xt,0.4,4,1,1,0.0,0.0
duragesic,0.4,13,1,0,0.3076923076923077,0.3076923076923077
vagifem,0.4,4,0,0,0.5,0.25
naloxone,0.4,5,0,0,0.2,0.2
uloric,0.4,5,0,1,0.2,0.0
trimethoprim,0.4,5,1,1,0.0,0.2
tikosyn,0.4,9,2,1,0.1111111111111111,0.1111111111111111
pegfilgrastim,0.4,5,1,2,0.0,0.2
versed,0.4,5,0,1,0.0,0.2
genvoya,0.4,10,1,3,0.1,0.2
nubain,0.4,5,1,2,0.0,0.0
edarbi,0.39999999999999997,3,1,0,0.6666666666666666,0.6666666666666666
junel fe 1 / 20,0.3983333333333333,60,8,18,0.05,0.4666666666666667
scopolamine,0.39791666666666664,24,6,9,0.041666666666666664,0.041666666666666664
citalopram,0.39647887323943665,284,69,93,0.3415492957746479,0.2852112676056338
sulfamethoxazole / trimethoprim,0.3950617283950617,162,27,46,0.024691358024691357,0.2839506172839506
terbinafine,0.39489795918367343,49,5,13,0.0,0.22448979591836735
clonazepam,0.39444444444444443,216,45,59,0.0787037037037037,0.14351851851851852
coreg,0.39166666666666666,6,0,0,0.6666666666666666,0.0
ortho cyclen,0.39166666666666666,12,4,5,0.0,0.25
escitalopram,0.39122340425531915,376,88,132,0.324468085106383,0.3351063829787234
oxazepam,0.39090909090909093,11,2,3,0.2727272727272727,0.18181818181818182
movantik,0.3903846153846154,26,4,2,0.19230769230769232,0.3076923076923077
bismuth subcitrate potassium / metronidazole / tetracycline,0.39,15,3,5,0.13333333333333333,0.2
metoclopramide,0.3898305084745763,59,10,20,0.11864406779661017,0.2033898305084746
mirtazapine,0.3887878787878788,165,35,47,0.3393939393939394,0.19393939393939394
bonine,0.3875,8,1,2,0.0,0.125
trintellix,0.3873015873015873,63,14,22,0.30158730158730157,0.3333333333333333
anastrozole,0.3870967741935484,31,4,11,0.0967741935483871,0.16129032258064516
oseltamivir,0.3867924528301887,53,9,9,0.03773584905660377,0.22641509433962265
hydrochlorothiazide / losartan,0.38636363636363635,11,0,2,0.0,0.09090909090909091
provera,0.38636363636363635,22,2,6,0.45454545454545453,0.2727272727272727
varenicline,0.38488372093023254,258,50,44,0.06976744186046512,0.23255813953488372
triumeq,0.3846153846153846,13,2,5,0.07692307692307693,0.15384615384615385
tri-sprintec,0.3844660194174757,103,20,41,0.0,0.4077669902912621
macrobid,0.38384615384615384,65,11,18,0.09230769230769231,0.15384615384615385
suboxone,0.38294117647058823,85,19,1,0.12941176470588237,0.2823529411764706
zoloft,0.38286290322580646,248,48,71,0.3790322580645161,0.3225806451612903
phentermine / topiramate,0.38177570093457946,107,12,12,0.14953271028037382,0.2897196261682243
terconazole,0.3815789473684211,19,2,2,0.0,0.3157894736842105
zovia,0.38125,8,2,2,0.0,0.375
zyban,0.38055555555555554,18,3,0,0.05555555555555555,0.3888888888888889
xarelto,0.3804347826086957,23,1,5,0.08695652173913043,0.21739130434782608
effexor,0.37941176470588234,68,13,7,0.20588235294117646,0.20588235294117646
microgestin fe 1.5 / 30,0.378125,16,2,5,0.125,0.4375
lorazepam,0.3775,100,21,30,0.05,0.18
orsythia,0.3775,40,3,12,0.075,0.325
levlen,0.375,4,0,1,0.0,0.25
aspirin / dipyridamole,0.375,6,0,1,0.0,0.0
RUXOLITINIB,0.375,16,0,4,0.0,0.9375
westhroid,0.375,2,0,0,0.0,0.0
iophen-c nr,0.375,2,0,0,0.5,0.0
delsym 12 hour cough relief,0.375,2,0,0,0.0,0.0
pirbuterol,0.375,2,0,0,0.0,0.0
pembrolizumab,0.375,2,0,0,0.0,0.0
triptorelin,0.375,2,0,0,0.0,0.0
absorica,0.375,2,0,0,0.0,0.5
mexiletine,0.375,2,0,0,0.0,0.0
zostrix,0.375,2,0,0,0.0,0.0
combivent,0.375,4,0,1,0.0,0.0
amaryl,0.375,4,0,0,0.0,0.0
methylnaltrexone,0.375,10,1,1,0.1,0.2
amlodipine / valsartan,0.375,4,0,1,0.0,0.0
tenofovir,0.375,4,0,1,0.0,0.25
imbruvica,0.375,2,0,0,0.5,0.0
atenolol / chlorthalidone,0.375,2,0,0,0.0,0.0
daclatasvir,0.375,4,0,1,0.0,0.5
alosetron,0.375,2,0,0,0.0,0.5
fiorinal with codeine,0.375,2,0,0,0.0,0.0
trilafon,0.375,2,0,0,0.0,0.5
veramyst,0.375,4,0,1,0.0,0.0
toviaz,0.375,6,0,1,0.0,0.0
sensipar,0.375,2,0,0,0.0,0.0
dificid,0.375,2,0,0,0.0,0.0
claritin-d,0.375,8,1,3,0.125,0.25
mestinon,0.375,6,0,0,0.5,0.3333333333333333
nora-be,0.375,20,2,7,0.05,0.45
halflytely and bisacodyl,0.375,2,0,0,0.0,0.0
seasonale,0.375,8,0,2,0.125,0.25
mefloquine,0.375,2,0,0,0.0,0.0
chlordiazepoxide,0.3739130434782608,23,5,4,0.34782608695652173,0.391304347826087
abilify,0.3738938053097345,113,18,39,0.12389380530973451,0.168141592920354
DIVALPROEX SODIUM,0.37272727272727274,11,0,2,0.0,0.9090909090909091
errin,0.37272727272727274,11,1,3,0.0,0.45454545454545453
belbuca,0.3727272727272727,11,3,1,0.09090909090909091,0.09090909090909091
janumet,0.37142857142857144,7,1,2,0.0,0.0
paroxetine,0.36772486772486773,189,38,58,0.21693121693121692,0.31216931216931215
plaquenil,0.36764705882352944,17,1,3,0.11764705882352941,0.23529411764705882
buspirone,0.3669491525423729,118,21,35,0.2457627118644068,0.23728813559322035
evening primrose oil,0.3666666666666667,3,0,0,0.0,0.3333333333333333
nostrilla,0.3666666666666667,3,0,0,0.0,0.0
mupirocin,0.3666666666666667,3,1,1,0.0,0.0
somnote,0.3666666666666667,3,1,1,0.0,0.3333333333333333
bydureon,0.3666666666666667,27,3,8,0.0,0.25925925925925924
repaglinide,0.3666666666666667,3,0,0,0.0,0.0
clotrimazole,0.3666666666666667,3,0,0,0.0,0.0
nasacort allergy 24hr,0.3666666666666667,3,0,0,0.0,0.0
dextromethorphan / quinidine,0.3666666666666667,3,0,0,0.0,0.0
permethrin,0.3666666666666667,3,0,0,0.0,0.0
alprazolam,0.3664864864864865,185,34,54,0.0972972972972973,0.15675675675675677
trazodone,0.366243654822335,197,30,56,0.3401015228426396,0.2131979695431472
nitrofurantoin,0.366,150,21,45,0.1,0.2733333333333333
pristiq,0.36580645161290326,155,30,50,0.2064516129032258,0.23870967741935484
ambien,0.3648148148148148,81,15,26,0.13580246913580246,0.14814814814814814
buprenorphine / naloxone,0.3648,125,27,7,0.112,0.128
sprintec,0.3647058823529412,170,22,62,0.01764705882352941,0.38235294117647056
lubiprostone,0.3647058823529412,34,8,13,0.08823529411764706,0.23529411764705882
brisdelle,0.3642857142857143,7,1,2,0.0,0.42857142857142855
methamphetamine,0.3642857142857143,7,1,0,0.14285714285714285,0.2857142857142857
remeron,0.3638888888888889,36,8,11,0.2222222222222222,0.2222222222222222
tri-previfem,0.36296296296296293,27,7,13,0.0,0.2962962962962963
hysingla er,0.3625,20,3,0,0.45,0.35
mirapex,0.3625,16,2,5,0.0625,0.1875
sronyx,0.3611111111111111,27,3,10,0.0,0.2222222222222222
fentanyl transdermal system,0.3607142857142857,14,1,3,0.2857142857142857,0.14285714285714285
levothyroxine,0.3596153846153846,78,16,26,0.14102564102564102,0.23076923076923078
klonopin,0.35864197530864195,81,17,27,0.024691358024691357,0.16049382716049382
lunesta,0.3574074074074074,27,5,9,0.07407407407407407,0.07407407407407407
ortho evra,0.35737704918032787,61,10,22,0.03278688524590164,0.32786885245901637
ortho tri-cyclen lo,0.3572727272727273,55,7,19,0.03636363636363636,0.2727272727272727
exemestane,0.35714285714285715,7,2,4,0.0,0.42857142857142855
ortho-novum 7 / 7 / 7,0.35714285714285715,7,0,2,0.0,0.0
emtricitabine / rilpivirine / tenofovir,0.35714285714285715,7,0,2,0.0,0.0
erythromycin,0.35714285714285715,7,1,2,0.0,0.2857142857142857
tamiflu,0.357,50,10,15,0.02,0.12
hydrocodone,0.35526315789473684,19,1,2,0.3157894736842105,0.21052631578947367
venlafaxine,0.3544715447154472,246,46,49,0.22357723577235772,0.22357723577235772
amoxicillin / clarithromycin / lansoprazole,0.35416666666666663,12,1,4,0.25,0.75
vortioxetine,0.35390070921985817,141,25,44,0.2907801418439716,0.3049645390070922
victoza,0.3510416666666667,96,14,28,0.020833333333333332,0.20833333333333334
insulin detemir,0.35,6,0,0,0.0,0.16666666666666666
imipramine,0.35,5,1,2,0.2,0.0
sonata,0.35,10,0,2,0.1,0.2
aliskiren,0.35,6,0,1,0.16666666666666666,0.0
rozerem,0.35,10,1,3,0.0,0.1
acetaminophen / tramadol,0.35,11,2,1,0.09090909090909091,0.09090909090909091
selegiline,0.35,5,0,1,0.0,0.0
atovaquone / proguanil,0.35,5,1,2,0.0,0.6
methyl salicylate,0.35,6,1,2,0.0,0.0
estarylla,0.3484848484848485,33,5,15,0.06060606060606061,0.48484848484848486
nucynta,0.3484375,32,4,7,0.375,0.09375
clomipramine,0.34833333333333333,30,3,6,0.13333333333333333,0.13333333333333333
buspar,0.34672131147540985,61,10,15,0.36065573770491804,0.2459016393442623
citric acid / magnesium oxide / sodium picosulfate,0.3456521739130435,23,1,3,0.043478260869565216,0.13043478260869565
budesonide,0.34545454545454546,11,0,2,0.0,0.09090909090909091
lyza,0.34444444444444444,9,1,2,0.0,0.4444444444444444
loratadine / pseudoephedrine,0.34375,8,1,3,0.0,0.125
dofetilide,0.34375,8,0,0,0.0,0.125
telmisartan,0.34285714285714286,7,1,1,0.42857142857142855,0.2857142857142857
perampanel,0.3416666666666667,6,1,2,0.0,0.0
tresiba,0.34090909090909094,11,0,3,0.0,0.0
eliquis,0.3392857142857143,14,1,4,0.2857142857142857,0.2857142857142857
xanax,0.3381188118811881,101,17,34,0.1188118811881188,0.16831683168316833
guanfacine,0.33793103448275863,29,6,11,0.27586206896551724,0.1724137931034483
tofranil,0.3375,4,1,1,0.5,0.0
medrol dosepak,0.3375,4,1,1,0.0,0.0
flagyl,0.33695652173913043,23,2,8,0.0,0.2608695652173913
methadose,0.33571428571428574,7,2,2,0.14285714285714285,0.14285714285714285
lacosamide,0.33461538461538465,13,2,5,0.3076923076923077,0.3076923076923077
drospirenone / ethinyl estradiol / levomefolate calcium,0.33378378378378376,37,7,16,0.05405405405405406,0.24324324324324326
cleocin,0.33333333333333337,3,1,2,0.0,0.0
barium sulfate,0.33333333333333337,3,0,1,0.0,0.0
hytrin,0.33333333333333337,3,0,1,0.3333333333333333,0.3333333333333333
truvada,0.33333333333333337,3,0,1,0.0,0.0
cinryze,0.33333333333333337,3,1,2,0.3333333333333333,0.3333333333333333
nexavar,0.33333333333333337,3,1,2,0.0,0.0
benadryl,0.33333333333333337,3,0,1,0.0,0.0
benlysta,0.33333333333333337,3,1,2,0.0,0.0
teriflunomide,0.33333333333333337,3,0,1,0.6666666666666666,0.0
nodoz,0.33333333333333337,3,1,2,0.3333333333333333,0.3333333333333333
fenofibrate,0.33333333333333337,6,0,2,0.0,0.0
cyred,0.33333333333333337,3,0,1,0.0,0.3333333333333333
ergocalciferol,0.33333333333333337,3,0,1,0.0,0.0
cardizem,0.33333333333333337,3,0,1,0.0,0.0
estazolam,0.33333333333333337,3,0,1,0.0,0.0
vivarin,0.33333333333333337,3,1,2,0.0,0.0
vitamin b12,0.33333333333333337,3,0,1,0.0,0.0
psoriasin,0.33333333333333337,3,0,1,0.0,0.0
kava,0.33333333333333337,3,0,1,0.0,0.0
candesartan,0.33333333333333337,3,0,0,0.6666666666666666,0.6666666666666666
sprix,0.33333333333333337,3,0,1,0.0,0.0
pimtrea,0.33333333333333337,3,0,1,0.0,0.3333333333333333
DIMETHYL FUMARATE,0.33333333333333337,3,0,1,0.0,1.0
xolegel,0.33333333333333337,3,0,1,0.0,0.3333333333333333
liraglutide,0.3332460732984293,191,24,39,0.06282722513089005,0.28272251308900526
GABAPENTIN,0.32999999999999996,5,0,0,0.0,1.0
belsomra,0.32999999999999996,60,6,12,0.18333333333333332,0.23333333333333334
trulicity,0.32857142857142857,56,5,14,0.07142857142857142,0.3392857142857143
chateal,0.328125,32,5,16,0.0,0.4375
sofosbuvir / velpatasvir,0.32727272727272727,11,2,5,0.09090909090909091,0.18181818181818182
olanzapine,0.32602739726027397,73,10,27,0.1780821917808219,0.1643835616438356
exenatide,0.32558139534883723,43,3,17,0.046511627906976744,0.20930232558139536
neupro,0.325,8,0,1,0.0,0.125
generess fe,0.32499999999999996,22,2,8,0.045454545454545456,0.2727272727272727
seroquel,0.32388059701492533,67,9,27,0.208955223880597,0.14925373134328357
phenergan,0.32272727272727275,11,2,5,0.09090909090909091,0.0
morphine / naltrexone,0.3222222222222222,9,1,1,0.2222222222222222,0.0
promethazine,0.321875,48,9,23,0.14583333333333334,0.10416666666666667
tri-linyah,0.32,5,0,1,0.0,0.6
doxylamine,0.3172413793103448,29,5,11,0.27586206896551724,0.2413793103448276
mononessa,0.31666666666666665,51,10,26,0.0,0.3333333333333333
ativan,0.3160377358490566,53,5,15,0.018867924528301886,0.16981132075471697
desoxyn,0.3125,4,0,1,0.25,0.5
angeliq,0.3125,4,1,2,0.25,0.5
tanzeum,0.3125,4,0,1,0.25,0.0
hizentra,0.3125,4,0,1,0.0,0.0
multaq,0.3125,4,0,1,0.0,0.0
ziac,0.3125,4,0,1,0.0,0.0
exforge,0.3125,12,0,4,0.08333333333333333,0.08333333333333333
beyaz,0.3120689655172414,29,1,11,0.034482758620689655,0.27586206896551724
gildess fe 1.5 / 30,0.3111111111111111,9,0,2,0.1111111111111111,0.5555555555555556
suvorexant,0.3047619047619048,63,5,17,0.2857142857142857,0.15873015873015872
trileptal,0.3,10,0,2,0.1,0.2
cryselle,0.3,22,1,9,0.045454545454545456,0.3181818181818182
enskyce,0.3,2,0,0,0.0,0.0
multivitamin with iron,0.3,5,0,2,0.0,0.2
alphagan p,0.3,2,0,0,0.0,0.0
tradjenta,0.3,5,0,2,0.0,0.0
d.h.e. 45,0.3,2,0,0,0.0,0.0
bupropion / naltrexone,0.2989669421487603,242,29,64,0.04132231404958678,0.3760330578512397
naloxegol,0.29705882352941176,34,5,3,0.08823529411764706,0.23529411764705882
contrave,0.2967871485943775,249,21,52,0.060240963855421686,0.40562248995983935
vivelle-dot,0.29166666666666663,6,0,1,0.0,0.0
linezolid,0.29166666666666663,6,1,3,0.0,0.16666666666666666
xylometazoline,0.29,5,1,0,0.0,0.2
emsam,0.2875,4,0,0,0.0,0.5
drospirenone / estradiol,0.2857142857142857,7,1,3,0.2857142857142857,0.0
arimidex,0.2857142857142857,14,1,7,0.0,0.21428571428571427
hydralazine,0.2857142857142857,7,0,2,0.42857142857142855,0.14285714285714285
ethinyl estradiol / ethynodiol,0.2833333333333333,18,2,9,0.0,0.3333333333333333
digoxin,0.2833333333333333,3,0,0,0.3333333333333333,0.3333333333333333
tekturna,0.2833333333333333,3,0,0,0.0,0.3333333333333333
conjugated estrogens / medroxyprogesterone,0.2833333333333333,3,0,0,0.3333333333333333,0.0
tetracycline,0.2833333333333333,3,0,0,0.0,0.3333333333333333
ondansetron,0.2814516129032258,62,12,37,0.016129032258064516,0.11290322580645161
antabuse,0.28076923076923077,13,1,3,0.0,0.15384615384615385
saxenda,0.2801020408163265,98,9,22,0.04081632653061224,0.35714285714285715
doxylamine / pyridoxine,0.2789473684210526,19,4,10,0.0,0.47368421052631576
goserelin,0.2777777777777778,9,1,5,0.3333333333333333,0.2222222222222222
incivek,0.275,2,0,0,0.0,0.0
tenuate dospan,0.275,2,0,0,0.5,0.0
lybrel,0.275,4,0,1,0.0,0.0
actemra,0.275,4,0,1,0.0,0.25
levo-dromoran,0.275,2,0,0,0.0,0.0
vimpat,0.27380952380952384,21,1,9,0.23809523809523808,0.23809523809523808
ulipristal,0.2714285714285714,14,1,6,0.07142857142857142,0.14285714285714285
norflex,0.2666666666666667,3,0,0,0.0,0.3333333333333333
actiq,0.2666666666666667,3,0,0,0.0,0.0
methadone diskets,0.2666666666666667,3,0,0,0.0,0.0
naltrexone,0.26632653061224487,49,6,3,0.10204081632653061,0.3469387755102041
acetaminophen / diphenhydramine,0.2625,4,0,1,0.0,0.0
bontril slow release,0.26,10,0,3,0.0,0.1
vivitrol,0.2583333333333333,24,2,1,0.0,0.20833333333333334
zofran,0.25757575757575757,33,5,18,0.030303030303030304,0.09090909090909091
fexofenadine / pseudoephedrine,0.25625,8,1,4,0.0,0.375
safyral,0.25416666666666665,12,0,4,0.0,0.25
AMITRIPTYLINE HYDROCHLORIDE,0.25,1,0,0,0.0,1.0
oxtellar xr,0.25,1,0,0,0.0,1.0
sotalol,0.25,4,0,1,0.25,0.0
iressa,0.25,2,0,1,0.0,0.5
ipratropium,0.25,1,0,0,0.0,0.0
lomaira,0.25,2,0,0,0.5,0.5
loestrin fe 1 / 20,0.25,1,0,0,0.0,0.0
oleptro,0.25,2,0,1,0.0,0.5
oxydose,0.25,1,0,0,0.0,0.0
zestril,0.25,1,0,0,0.0,0.0
xeomin,0.25,1,0,0,0.0,1.0
epclusa,0.25,14,2,9,0.14285714285714285,0.42857142857142855
activella,0.25,1,0,0,0.0,0.0
ventolin,0.25,1,0,0,0.0,0.0
piperacillin / tazobactam,0.25,2,0,1,0.0,0.0
cefzil,0.25,2,0,0,0.0,0.0
celestone,0.25,1,0,0,0.0,0.0
empagliflozin / linagliptin,0.25,2,0,1,0.0,0.0
targretin,0.25,1,0,0,0.0,0.0
cyclogyl,0.25,1,0,0,0.0,0.0
tambocor,0.25,2,0,1,0.0,0.5
ibrance,0.25,3,0,1,0.0,0.0
megace,0.25,2,0,1,0.5,0.0
sublimaze,0.25,1,0,0,1.0,0.0
anakinra,0.25,1,0,0,0.0,0.0
lonox,0.25,1,0,0,0.0,0.0
crizotinib,0.25,1,0,0,0.0,0.0
sarafem,0.25,1,0,0,0.0,0.0
kionex,0.25,1,0,0,0.0,0.0
depo-medrol,0.25,2,0,1,0.0,0.5
avapro,0.25,2,0,1,0.0,0.0
atropine / difenoxin,0.25,1,0,0,0.0,0.0
maxifed dm,0.25,1,0,0,0.0,0.0
clozaril,0.25,1,0,0,0.0,0.0
natesto,0.25,1,0,0,1.0,1.0
novantrone,0.25,1,0,0,0.0,0.0
fluocinolone,0.25,2,0,1,0.0,0.0
aggrenox,0.25,1,0,0,0.0,0.0
pataday,0.25,1,0,0,0.0,0.0
adenosine,0.25,2,0,0,0.0,0.0
trinessa lo,0.25,2,0,1,0.5,0.0
niravam,0.25,4,1,3,0.0,0.25
gavilyte-c,0.25,1,0,0,0.0,0.0
gadoxetate disodium,0.25,1,0,0,0.0,0.0
budeprion sr,0.25,1,0,0,0.0,0.0
botox cosmetic,0.25,2,0,1,0.0,0.0
flurazepam,0.25,8,0,4,0.125,0.0
chlorpheniramine / dextromethorphan / pseudoephedrine,0.25,1,0,0,0.0,0.0
mycophenolic acid,0.25,1,0,0,0.0,0.0
myobloc,0.25,1,0,0,0.0,0.0
droperidol,0.25,1,0,0,0.0,0.0
tranxene,0.25,4,0,1,0.0,0.0
rifampin,0.25,2,0,1,0.0,0.0
risperdal m-tab,0.25,1,0,0,0.0,0.0
thioridazine,0.25,1,0,0,0.0,0.0
mibelas 24 fe,0.25,4,0,2,0.0,0.25
micardis,0.25,6,0,3,0.16666666666666666,0.3333333333333333
humalog,0.25,1,0,0,0.0,0.0
methyldopa,0.25,1,0,0,1.0,1.0
basaglar,0.25,1,0,0,0.0,0.0
miconazole / zinc oxide,0.25,2,0,1,0.0,0.0
methimazole,0.25,3,0,1,0.0,0.3333333333333333
red yeast rice,0.25,1,0,0,0.0,0.0
regadenoson,0.25,4,0,2,0.5,0.0
halcion,0.25,6,0,2,0.16666666666666666,0.0
gemifloxacin,0.25,1,0,0,0.0,0.0
volumen,0.25,1,0,0,0.0,0.0
voltaren-xr,0.25,1,0,0,0.0,0.0
moderiba,0.25,1,0,0,0.0,0.0
prograf,0.25,1,0,0,0.0,1.0
gleevec,0.25,6,0,3,0.0,0.3333333333333333
clindesse,0.25,1,0,0,0.0,0.0
miltown,0.25,1,0,0,0.0,0.0
vidaza,0.25,2,0,1,0.0,0.0
aromasin,0.25,2,0,1,0.0,0.0
cardizem cd,0.25,1,0,0,0.0,0.0
cedax,0.25,1,0,0,0.0,0.0
cafergot,0.25,4,0,2,0.0,0.0
aptensio xr,0.25,2,0,1,1.0,0.0
solu-medrol,0.25,2,0,0,0.0,0.0
simponi aria,0.25,1,0,0,0.0,1.0
TRIAZOLAM,0.25,1,0,0,0.0,1.0
unisom sleeptabs,0.24285714285714283,7,0,2,0.14285714285714285,0.5714285714285714
nicorette,0.24285714285714283,7,0,0,0.0,0.14285714285714285
tinidazole,0.235,10,0,4,0.0,0.2
denosumab,0.23333333333333334,15,1,8,0.06666666666666667,0.2
dulaglutide,0.2318181818181818,55,5,22,0.03636363636363636,0.2545454545454545
zubsolv,0.22916666666666669,12,2,0,0.4166666666666667,0.5
bisoprolol / hydrochlorothiazide,0.2285714285714286,7,1,4,0.0,0.14285714285714285
tirosint,0.2285714285714286,7,1,3,0.0,0.0
nardil,0.22500000000000003,6,0,2,0.3333333333333333,0.0
catapres,0.22499999999999998,10,1,1,0.0,0.0
cabergoline,0.2142857142857143,7,0,3,0.0,0.42857142857142855
lessina,0.20833333333333331,6,0,3,0.0,0.3333333333333333
ultracet,0.2,4,0,1,0.0,0.25
phosphorated carbohydrate solution,0.19444444444444442,9,1,6,0.0,0.0
pylera,0.19117647058823528,17,1,11,0.0,0.23529411764705882
horizant,0.18333333333333335,3,0,1,0.0,0.0
prochlorperazine,0.16875,24,2,16,0.041666666666666664,0.08333333333333333
erlotinib,0.16875,8,0,4,0.375,0.125
amethia,0.16666666666666669,3,0,2,0.0,0.3333333333333333
fulvestrant,0.16666666666666669,3,0,2,0.0,0.0
smz-tmp ds,0.16666666666666669,3,0,2,0.0,0.3333333333333333
diclegis,0.16363636363636364,11,0,5,0.0,0.36363636363636365
desyrel,0.15000000000000002,5,0,3,0.4,0.2
symbyax,0.14285714285714285,7,0,5,0.0,0.14285714285714285
adzenys xr-odt,0.125,2,0,1,0.5,0.0
camila,0.125,4,0,3,0.0,0.75
femcon fe,0.125,2,0,1,0.0,0.0
hyoscyamine / methenamine / methylene blue / phenyl salicylate / sodium biphosphate,0.125,2,0,1,0.5,0.0
misoprostol,0.125,2,0,1,0.0,0.5
sacubitril / valsartan,0.125,2,0,1,0.0,0.0
emetrol,0.125,2,0,1,0.0,0.0
temodar,0.09999999999999998,1,0,0,0.0,0.0
ozurdex,0.09999999999999998,1,0,0,0.0,0.0
FUROSEMIDE,0.09999999999999998,1,0,0,0.0,1.0
malathion,0.09999999999999998,2,0,0,0.0,0.0
collagenase clostridium histolyticum,0.09999999999999998,1,0,0,0.0,0.0
imitrex nasal,0.09999999999999998,1,0,0,0.0,0.0
chondroitin / glucosamine / methylsulfonylmethane,0.09999999999999998,1,0,0,0.0,1.0
flovent hfa,0.09999999999999998,1,0,0,0.0,0.0
dovonex,0.09999999999999998,1,0,0,0.0,0.0
adoxa,0.09999999999999998,1,0,0,0.0,0.0
requip xl,0.09999999999999998,1,0,0,0.0,0.0
nateglinide,0.09999999999999998,1,0,0,0.0,0.0
torsemide,0.09999999999999998,1,0,0,0.0,0.0
carbidopa / entacapone / levodopa,0.09999999999999998,1,0,0,0.0,0.0
butabarbital,0.09999999999999998,1,0,0,0.0,0.0
SERTRALINE HYDROCHLORIDE,0.09999999999999998,1,0,0,0.0,1.0
solaraze,0.09999999999999998,1,0,0,0.0,0.0
insulin lispro,0.09999999999999998,1,0,0,0.0,0.0
itraconazole,0.08333333333333331,3,0,2,0.3333333333333333,0.0
zofran odt,0.07222222222222219,9,0,6,0.0,0.1111111111111111
amlodipine / hydrochlorothiazide / olmesartan,0.0625,4,0,3,0.0,0.5
ethotoin,0.04999999999999999,1,0,0,1.0,0.0
epoetin alfa,0.04999999999999999,2,0,1,0.0,0.0
revia,0.04999999999999999,1,0,0,0.0,1.0
abstral,0.04999999999999999,1,0,0,0.0,0.0
adipost,0.04999999999999999,1,0,0,0.0,0.0
brivaracetam,0.04999999999999999,1,0,0,0.0,0.0
benazepril,0.04999999999999999,2,0,1,0.0,0.0
levemir,0.04999999999999999,1,0,0,0.0,0.0
sharobel,0.016666666666666663,3,0,2,0.0,0.3333333333333333
vitamin d3,0.0,1,0,1,0.0,0.0
xalkori,0.0,1,0,1,0.0,0.0
calamine,0.0,1,0,1,0.0,0.0
capecitabine,0.0,1,0,1,0.0,1.0
palbociclib,0.0,1,0,1,0.0,1.0
camreselo,0.0,1,0,1,0.0,1.0
caziant,0.0,1,0,1,0.0,0.0
danocrine,0.0,1,0,1,0.0,0.0
sodium ferric gluconate complex,0.0,1,0,1,0.0,0.0
ethambutol,0.0,1,0,1,0.0,0.0
VARENICLINE TARTRATE,0.0,1,0,1,0.0,1.0
dasetta 7 / 7 / 7,0.0,1,0,1,0.0,1.0
dasatinib,0.0,3,0,3,0.0,0.0
carbatrol,0.0,1,0,1,0.0,1.0
pulmicort turbuhaler,0.0,1,0,1,0.0,0.0
diphenhydramine / ibuprofen,0.0,1,0,1,0.0,0.0
ritonavir,0.0,1,0,1,0.0,0.0
rifabutin,0.0,1,0,1,0.0,0.0
doxy 100,0.0,2,0,2,0.0,0.0
heme iron polypeptide,0.0,1,0,1,0.0,1.0
herceptin,0.0,1,0,1,0.0,0.0
hetlioz,0.0,1,0,1,0.0,0.0
tigan,0.0,1,0,1,0.0,0.0
prometrium,0.0,1,0,1,0.0,0.0
claritin-d 12 hour,0.0,1,0,1,0.0,0.0
duavee,0.0,1,0,1,0.0,0.0
ginger,0.0,1,0,1,0.0,0.0
mucinex fast-max severe congestion & cough,0.0,1,0,1,0.0,0.0
microgestin 1.5 / 30,0.0,1,0,1,0.0,0.0
citrate of magnesia,0.0,1,0,1,0.0,0.0
mono-linyah,0.0,1,0,1,0.0,0.0
edluar,0.0,1,0,1,1.0,0.0
flagyl iv,0.0,1,0,1,0.0,0.0
flagyl er,0.0,1,0,1,0.0,0.0
ponatinib,0.0,1,0,1,0.0,0.0
trimethobenzamide,0.0,3,0,3,0.0,0.0
gefitinib,0.0,2,0,2,0.0,1.0
neupogen,0.0,1,0,1,0.0,0.0
disopyramide,0.0,1,0,1,0.0,0.0
cinacalcet,0.0,1,0,1,0.0,0.0
chloromycetin,0.0,1,0,1,1.0,0.0
prenatabs fa,0.0,1,0,1,0.0,0.0
premphase,0.0,1,0,1,0.0,0.0
tribenzor,0.0,1,0,1,0.0,0.0
fulvicin u / f,0.0,1,0,1,0.0,1.0
gamunex,0.0,1,0,1,0.0,0.0
garlic,0.0,1,0,1,0.0,1.0
balziva,0.0,2,0,2,0.0,0.5
tri-estarylla,0.0,2,0,2,0.0,0.5
alprazolam intensol,0.0,1,0,1,0.0,0.0
allergy dn pe,0.0,1,0,1,0.0,0.0
albenza,0.0,1,0,1,0.0,0.0
trental,0.0,1,0,1,0.0,0.0
immune globulin intravenous and subcutaneous,0.0,1,0,1,0.0,0.0
tekturna hct,0.0,1,0,1,0.0,0.0
remeron soltab,0.0,1,0,1,0.0,1.0
telaprevir,0.0,1,0,1,0.0,0.0
odefsey,0.0,1,0,1,0.0,0.0
ogestrel-28,0.0,1,0,1,0.0,0.0
hydromet,0.0,2,0,2,0.0,0.0
valerian,0.0,1,0,1,0.0,0.0
uroxatral,0.0,1,0,1,0.0,1.0
afinitor,0.0,1,0,1,0.0,0.0
maprotiline,0.0,1,0,1,0.0,0.0
magnesium sulfate,0.0,1,0,1,0.0,0.0
synalar ointment,0.0,1,0,1,0.0,0.0
antara,0.0,1,0,1,0.0,0.0
inapsine,0.0,1,0,1,0.0,0.0
"influenza virus vaccine, inactivated",0.0,1,0,1,0.0,0.0
lomedia 24 fe,0.0,1,0,1,0.0,0.0
diamox sequels,0.0,1,0,1,0.0,0.0
combivir,0.0,1,0,1,0.0,0.0
menthol / zinc oxide,0.0,2,0,2,0.5,0.0
compazine,0.0,7,0,7,0.0,0.0
hyzine,0.0,1,0,1,0.0,1.0
detrol la,0.0,1,0,1,0.0,0.0
marinol,0.0,2,0,2,0.0,0.0
atovaquone,0.0,1,0,1,0.0,0.0
depo-subq provera 104,0.0,1,0,1,0.0,1.0
ferric citrate,0.0,1,0,1,0.0,0.0
emend,0.0,2,0,2,0.0,0.5
ruxolitinib,0.0,1,0,1,0.0,0.0
lo / ovral-28,0.0,1,0,1,0.0,0.0
roxicet,0.0,1,0,1,0.0,0.0
felbatol,0.0,1,0,1,0.0,0.0
ferrous gluconate,0.0,1,0,1,0.0,0.0
vestura,0.0,1,0,1,0.0,1.0
zecuity,0.0,1,0,1,0.0,0.0
zestoretic,0.0,1,0,1,0.0,0.0
pacerone,0.0,1,0,1,0.0,0.0
oxaydo,0.0,1,0,1,0.0,1.0
ovide,0.0,1,0,1,0.0,0.0
zebeta,0.0,1,0,1,0.0,0.0
OXYBUTYNIN,0.0,1,0,1,0.0,1.0
zoster vaccine live,0.0,1,0,1,0.0,0.0
