drug_name,raw_score,total_reviews,positive_reviews,side_effects,age_completion,gender_completion,trust_score
zovia 1 / 50,1.0,1,1,0,0.0,0.0,1.0
disalcid,1.0,1,1,0,0.0,0.0,1.0
zyrtec-d,1.0,1,1,0,0.0,0.0,1.0
dolobid,1.0,1,1,0,0.0,1.0,1.0
dyazide,1.0,1,1,0,0.0,1.0,1.0
dynacirc cr,1.0,1,1,0,0.0,0.0,1.0
e-z-gas ii,1.0,1,1,0,0.0,0.0,1.0
e.e.s.-400,1.0,1,1,0,0.0,0.0,1.0
vicodin hp,1.0,1,1,0,0.0,0.0,1.0
vienva,1.0,1,1,0,0.0,0.0,1.0
viread,1.0,1,1,0,0.0,0.0,1.0
vosol hc,1.0,1,1,0,0.0,0.0,1.0
vospire er,1.0,1,1,0,0.0,0.0,1.0
wart remover,1.0,1,1,0,0.0,0.0,1.0
wp thyroid,1.0,1,1,0,0.0,0.0,1.0
xenaderm,1.0,1,1,0,0.0,0.0,1.0
enjuvia,1.0,1,1,0,0.0,0.0,1.0
derma-smoothe / fs (scalp),1.0,1,1,0,0.0,0.0,1.0
ephedrine,1.0,1,1,0,1.0,0.0,1.0
epinephrine,1.0,1,1,0,0.0,0.0,1.0
epoprostenol,1.0,1,1,0,0.0,0.0,1.0
epsom salt,1.0,1,1,0,0.0,0.0,1.0
decadron,1.0,1,1,0,0.0,0.0,1.0
erythrocin,1.0,1,1,0,0.0,0.0,1.0
eskalith,1.0,1,1,0,0.0,0.0,1.0
esomeprazole / naproxen,1.0,3,3,0,0.0,0.3333333333333333,1.0
esterified estrogens,1.0,1,1,0,0.0,0.0,1.0
ultram odt,1.0,1,1,0,1.0,0.0,1.0
vagistat-1,1.0,3,3,0,0.0,0.0,1.0
abobotulinumtoxina,1.0,1,1,0,0.0,0.0,1.0
vandazole,1.0,1,1,0,0.0,0.0,1.0
vanspar,1.0,1,1,0,0.0,0.0,1.0
vasotec,1.0,1,1,0,0.0,0.0,1.0
estratest h.s.,1.0,1,1,0,0.0,0.0,1.0
dapagliflozin / metformin,1.0,1,1,0,0.0,1.0,1.0
darbepoetin alfa,1.0,2,2,0,0.0,0.0,1.0
daypro,1.0,2,2,0,0.0,0.0,1.0
ethmozine,1.0,1,1,0,0.0,0.0,1.0
evoxac,1.0,1,1,0,0.0,0.0,1.0
tums regular strength,1.0,3,3,0,0.0,0.0,1.0
tussicaps,1.0,2,2,0,0.0,0.5,1.0
acetaminophen / caffeine / isometheptene mucate,1.0,1,1,0,0.0,0.0,1.0
acetaminophen / chlorpheniramine,1.0,1,1,0,0.0,0.0,1.0
acetaminophen / dextromethorphan / pseudoephedrine,1.0,1,1,0,0.0,0.0,1.0
tylox,1.0,3,3,0,0.0,0.0,1.0
tyvaso,1.0,1,1,0,0.0,0.0,1.0
ubiquinone,1.0,1,1,0,0.0,0.0,1.0
evzio,1.0,1,1,0,0.0,0.0,1.0
excedrin back & body,1.0,1,1,0,0.0,0.0,1.0
excedrin pm,1.0,1,1,0,0.0,0.0,1.0
exparel,1.0,1,1,0,0.0,0.0,1.0
feen-a-mint,1.0,1,1,0,0.0,0.0,1.0
femring,1.0,1,1,0,0.0,0.0,1.0
fenoprofen,1.0,1,1,0,0.0,0.0,1.0
tricor,1.0,2,2,0,0.0,0.0,1.0
trolamine salicylate,1.0,3,3,0,0.0,0.0,1.0
acidophilus,1.0,2,2,0,0.0,0.0,1.0
acnex,1.0,1,1,0,0.0,0.0,1.0
acrivastine / pseudoephedrine,1.0,1,1,0,0.0,0.0,1.0
tryptophan,1.0,1,1,0,0.0,0.0,1.0
tudorza pressair,1.0,3,3,0,0.0,0.3333333333333333,1.0
finacea,1.0,2,2,0,0.0,0.0,1.0
firazyr,1.0,1,1,0,0.0,0.0,1.0
cromolyn,1.0,1,1,0,0.0,0.0,1.0
fleet phospho soda,1.0,1,1,0,0.0,0.0,1.0
florinef acetate,1.0,1,1,0,0.0,0.0,1.0
flunisolide,1.0,1,1,0,0.0,0.0,1.0
flurbiprofen,1.0,1,1,0,0.0,0.0,1.0
coreg cr,1.0,1,1,0,0.0,0.0,1.0
fosrenol,1.0,1,1,0,0.0,0.0,1.0
freshkote,1.0,1,1,0,0.0,0.0,1.0
tolectin ds,1.0,1,1,0,0.0,0.0,1.0
acuvail,1.0,1,1,0,0.0,0.0,1.0
addyi,1.0,1,1,0,0.0,0.0,1.0
trezix,1.0,1,1,0,0.0,0.0,1.0
tri-lo-marzia,1.0,1,1,0,0.0,1.0,1.0
galantamine,1.0,2,2,0,0.0,0.0,1.0
gas-x,1.0,1,1,0,0.0,0.0,1.0
generlac,1.0,1,1,0,0.0,0.0,1.0
genteal,1.0,1,1,0,0.0,0.0,1.0
collagenase santyl,1.0,1,1,0,0.0,0.0,1.0
condylox,1.0,1,1,0,0.0,0.0,1.0
glyburide / metformin,1.0,1,1,0,0.0,0.0,1.0
glyxambi,1.0,2,2,0,0.0,0.0,1.0
gris-peg,1.0,1,1,0,0.0,0.0,1.0
coartem,1.0,1,1,0,0.0,0.0,1.0
codimal dm,1.0,1,1,0,0.0,0.0,1.0
halaven,1.0,1,1,0,0.0,1.0,1.0
terazol 3,1.0,1,1,0,0.0,0.0,1.0
theophylline,1.0,1,1,0,0.0,0.0,1.0
theratears,1.0,1,1,0,0.0,0.0,1.0
advil cold and sinus liqui-gels,1.0,1,1,0,0.0,0.0,1.0
advil liqui-gels,1.0,1,1,0,0.0,0.0,1.0
hexachlorophene,1.0,1,1,0,0.0,0.0,1.0
hyosyne,1.0,1,1,0,0.0,0.0,1.0
icatibant,1.0,1,1,0,0.0,0.0,1.0
immune globulin intravenous,1.0,1,1,0,0.0,0.0,1.0
inova 4 / 1,1.0,1,1,0,0.0,0.0,1.0
insulin isophane,1.0,1,1,0,0.0,0.0,1.0
invega trinza,1.0,3,3,0,0.0,0.6666666666666666,1.0
iron polysaccharide,1.0,1,1,0,0.0,0.0,1.0
isoproterenol,1.0,1,1,0,0.0,0.0,1.0
symax duotab,1.0,1,1,0,0.0,0.0,1.0
synarel,1.0,1,1,0,0.0,0.0,1.0
alahist lq,1.0,1,1,0,0.0,0.0,1.0
alclometasone,1.0,1,1,0,0.0,0.0,1.0
aldactazide,1.0,1,1,0,0.0,0.0,1.0
junel fe 24,1.0,1,1,0,0.0,1.0,1.0
kalydeco,1.0,1,1,0,0.0,1.0,1.0
kemadrin,1.0,1,1,0,0.0,0.0,1.0
chlorcyclizine / phenylephrine,1.0,1,1,0,0.0,0.0,1.0
chlorpheniramine / dextromethorphan / phenylephrine,1.0,1,1,0,0.0,0.0,1.0
chlorpheniramine / hydrocodone / pseudoephedrine,1.0,1,1,0,0.0,0.0,1.0
kerydin,1.0,3,3,0,0.0,0.0,1.0
ketotifen,1.0,1,1,0,0.0,0.0,1.0
kineret,1.0,3,3,0,0.0,0.0,1.0
krystexxa,1.0,1,1,0,0.0,0.0,1.0
kyprolis,1.0,1,1,0,0.0,0.0,1.0
lacrisert,1.0,1,1,0,0.0,0.0,1.0
cetirizine / pseudoephedrine,1.0,1,1,0,0.0,0.0,1.0
chaparral,1.0,1,1,0,0.0,0.0,1.0
children's motrin,1.0,1,1,0,0.0,0.0,1.0
chloral hydrate,1.0,1,1,0,0.0,0.0,1.0
stimate,1.0,1,1,0,0.0,0.0,1.0
stiolto respimat,1.0,4,4,0,0.0,0.0,1.0
aliskiren / hydrochlorothiazide,1.0,1,1,0,0.0,0.0,1.0
allegra-d 12 hour,1.0,1,1,0,0.0,0.0,1.0
stromectol,1.0,1,1,0,0.0,0.0,1.0
succinylcholine,1.0,1,1,0,0.0,0.0,1.0
lesinurad,1.0,1,1,0,0.0,0.0,1.0
levocarnitine,1.0,1,1,0,0.0,0.0,1.0
lidocaine / menthol,1.0,1,1,0,0.0,0.0,1.0
lindane,1.0,1,1,0,0.0,0.0,1.0
lo / ovral,1.0,1,1,0,0.0,0.0,1.0
carbinoxamine,1.0,1,1,0,0.0,0.0,1.0
caverject,1.0,1,1,0,0.0,0.0,1.0
soma compound,1.0,2,2,0,0.0,0.5,1.0
somatropin,1.0,2,2,0,0.0,0.0,1.0
sotalol hydrochloride af,1.0,1,1,0,0.0,0.0,1.0
spectracef,1.0,1,1,0,0.0,0.0,1.0
altavera,1.0,1,1,0,0.0,0.0,1.0
aluminum hydroxide / magnesium hydroxide / simethicone,1.0,1,1,0,0.0,0.0,1.0
loteprednol / tobramycin,1.0,2,2,0,0.0,0.0,1.0
lucentis,1.0,1,1,0,1.0,0.0,1.0
magaldrate / simethicone,1.0,1,1,0,0.0,0.0,1.0
magnacet,1.0,1,1,0,0.0,0.0,1.0
magnesium aspartate,1.0,1,1,0,0.0,0.0,1.0
carafate,1.0,2,2,0,0.0,0.0,1.0
medrox,1.0,1,1,0,0.0,0.0,1.0
mephobarbital,1.0,2,2,0,0.0,0.0,1.0
metaproterenol,1.0,1,1,0,0.0,0.0,1.0
methergine,1.0,2,2,0,0.0,0.5,1.0
calci-chew,1.0,1,1,0,0.0,0.0,1.0
caltrate 600+d,1.0,1,1,0,0.0,0.0,1.0
metolazone,1.0,1,1,0,0.0,1.0,1.0
saw palmetto,1.0,2,2,0,0.0,0.0,1.0
sebulex,1.0,1,1,0,0.0,0.0,1.0
sevelamer,1.0,1,1,0,0.0,0.0,1.0
silvadene,1.0,1,1,0,0.0,0.0,1.0
amcinonide,1.0,1,1,0,0.0,0.0,1.0
amethyst,1.0,1,1,0,0.0,1.0,1.0
sine-off maximum strength,1.0,1,1,0,0.0,0.0,1.0
sinequan,1.0,1,1,0,0.0,0.0,1.0
mg217 medicated tar,1.0,1,1,0,0.0,0.0,1.0
miacalcin nasal,1.0,1,1,0,0.0,0.0,1.0
microzide,1.0,1,1,0,0.0,1.0,1.0
migergot,1.0,1,1,0,0.0,0.0,1.0
milk of magnesia,1.0,2,2,0,0.0,0.5,1.0
buprenex,1.0,1,1,0,0.0,0.0,1.0
monistat 1-day or night combination pack,1.0,3,3,0,0.0,1.0,1.0
s-adenosylmethionine,1.0,1,1,0,0.0,0.0,1.0
saccharomyces boulardii lyo,1.0,1,1,0,0.0,0.0,1.0
salagen,1.0,1,1,0,0.0,0.0,1.0
salicylic acid / sulfur,1.0,1,1,0,0.0,0.0,1.0
salivamax,1.0,1,1,0,0.0,0.0,1.0
anacin,1.0,2,2,0,0.0,0.0,1.0
sancuso,1.0,1,1,0,0.0,0.0,1.0
sarna sensitive,1.0,1,1,0,0.0,0.0,1.0
myophen,1.0,1,1,0,0.0,0.0,1.0
mysoline,1.0,2,2,0,0.0,0.0,1.0
bronkaid,1.0,1,1,0,0.0,0.0,1.0
bumetanide,1.0,1,1,0,0.0,0.0,1.0
rogaine women's,1.0,1,1,0,0.0,0.0,1.0
rosac,1.0,1,1,0,0.0,0.0,1.0
rowasa,1.0,1,1,0,0.0,0.0,1.0
rozex,1.0,1,1,0,0.0,1.0,1.0
analpram-hc,1.0,1,1,0,0.0,0.0,1.0
ansaid,1.0,1,1,0,0.0,0.0,1.0
rydapt,1.0,1,1,0,0.0,0.0,1.0
rynatan,1.0,1,1,0,0.0,0.0,1.0
neutrasal,1.0,2,2,0,0.0,0.0,1.0
blistex,1.0,1,1,0,0.0,0.0,1.0
brimonidine / timolol,1.0,2,2,0,0.0,0.0,1.0
nicotrol ns,1.0,1,1,0,0.0,0.0,1.0
nimodipine,1.0,1,1,0,0.0,1.0,1.0
nimotop,1.0,1,1,0,0.0,0.0,1.0
nitrolingual pumpspray,1.0,2,2,0,0.0,0.0,1.0
nizatidine,1.0,1,1,0,0.0,0.0,1.0
biafine,1.0,1,1,0,0.0,0.0,1.0
bicillin l-a,1.0,1,1,0,0.0,1.0,1.0
bioflavonoids / zinc glycinate,1.0,1,1,0,0.0,0.0,1.0
bisacodyl / polyethylene glycol 3350 / potassium chloride / sodium bicarbonate / sodium chloride,1.0,1,1,0,0.0,0.0,1.0
bismuth subgallate,1.0,1,1,0,0.0,0.0,1.0
noritate,1.0,1,1,0,0.0,0.0,1.0
noroxin,1.0,1,1,0,0.0,1.0,1.0
norpace,1.0,1,1,0,0.0,0.0,1.0
rezira,1.0,1,1,0,0.0,0.0,1.0
rocuronium,1.0,2,2,0,0.0,0.0,1.0
anucort-hc,1.0,1,1,0,0.0,0.0,1.0
aranesp,1.0,2,2,0,0.0,0.0,1.0
arcalyst,1.0,1,1,0,0.0,0.0,1.0
rogaine men's extra strength,1.0,1,1,0,0.0,0.0,1.0
norpace cr,1.0,1,1,0,1.0,0.0,1.0
nortrel 7 / 7 / 7,1.0,1,1,0,0.0,1.0,1.0
bepreve,1.0,1,1,0,0.0,0.0,1.0
betaseron,1.0,1,1,0,0.0,0.0,1.0
nystatin / triamcinolone,1.0,3,3,0,0.0,0.0,1.0
nystop,1.0,1,1,0,0.0,0.0,1.0
radiaplexrx,1.0,1,1,0,0.0,1.0,1.0
aristocort a,1.0,1,1,0,0.0,0.0,1.0
reprexain,1.0,1,1,0,0.0,0.0,1.0
olux,1.0,2,2,0,0.0,0.0,1.0
olysio,1.0,1,1,0,0.0,0.0,1.0
opcon-a,1.0,1,1,0,1.0,0.0,1.0
opium deodorized,1.0,2,2,0,0.0,0.0,1.0
benazepril / hydrochlorothiazide,1.0,1,1,0,0.0,0.0,1.0
benzefoam,1.0,1,1,0,0.0,0.0,1.0
oraqix,1.0,1,1,0,0.0,1.0,1.0
ortho d,1.0,1,1,0,0.0,0.0,1.0
proventil,1.0,2,2,0,0.0,0.0,1.0
pulmozyme,1.0,1,1,0,0.0,0.0,1.0
pyridostigmine,1.0,4,4,0,0.25,0.5,1.0
q-tapp dm,1.0,1,1,0,0.0,0.0,1.0
orudis kt,1.0,1,1,0,0.0,0.0,1.0
pamabrom,1.0,2,2,0,0.0,0.0,1.0
b & o supprettes,1.0,2,2,0,0.0,0.0,1.0
bacitracin / neomycin / polymyxin b,1.0,2,2,0,0.0,0.0,1.0
bazedoxifene / conjugated estrogens,1.0,3,3,0,0.0,0.0,1.0
patanol,1.0,4,4,0,0.0,0.5,1.0
pegaptanib,1.0,1,1,0,0.0,0.0,1.0
pemoline,1.0,1,1,0,0.0,0.0,1.0
azilect,1.0,2,2,0,0.0,0.5,1.0
percodan,1.0,2,2,0,0.0,0.0,1.0
phenylephrine / pramoxine,1.0,1,1,0,0.0,0.0,1.0
pletal,1.0,1,1,0,0.0,0.0,1.0
prascion ra,1.0,1,1,0,0.0,0.0,1.0
primatene,1.0,1,1,0,0.0,0.0,1.0
procrit,1.0,1,1,0,0.0,0.0,1.0
prodrin,1.0,1,1,0,0.0,0.0,1.0
atralin,1.0,6,6,0,0.16666666666666666,0.16666666666666666,1.0
atrovent nasal,1.0,1,1,0,0.0,0.0,1.0
prosom,1.0,1,1,0,0.0,0.0,1.0
doxorubicin,1.0,1,1,0,0.0,0.0,1.0
dextromethorphan / promethazine,1.0,1,1,0,0.0,0.0,1.0
dextrostat,1.0,1,1,0,0.0,0.0,1.0
diazepam intensol,1.0,1,1,0,0.0,1.0,1.0
xerac ac,1.0,2,2,0,0.0,0.0,1.0
xopenex hfa,1.0,1,1,0,0.0,0.0,1.0
yellow fever vaccine,1.0,1,1,0,0.0,0.0,1.0
zafirlukast,1.0,1,1,0,0.0,0.0,1.0
zelapar,1.0,1,1,0,0.0,0.0,1.0
zenatane,1.0,2,2,0,0.5,0.5,1.0
acetaminophen / dichloralphenazone / isometheptene mucate,0.8125,16,14,1,0.0,0.0,0.90625
urea,0.8,5,4,0,0.0,0.0,0.9
fludrocortisone,0.8,5,4,0,0.0,0.2,0.9
kenalog,0.75,4,3,0,0.0,0.0,0.875
formoterol,0.75,4,3,0,0.25,0.0,0.875
tocilizumab,0.75,4,3,0,0.25,0.5,0.875
aubagio,0.75,4,3,0,0.25,0.25,0.875
flector patch,0.7058823529411765,17,12,0,0.0,0.0,0.8529411764705883
naprelan,0.7,5,4,0,0.0,0.0,0.85
etodolac,0.6923076923076923,13,9,0,0.0,0.15384615384615385,0.8461538461538461
tri-luma,0.6875,16,11,0,0.0,0.375,0.84375
lactobacillus acidophilus,0.6875,8,6,0,0.0,0.25,0.84375
omega-3 polyunsaturated fatty acids,0.6666666666666666,3,2,0,0.0,0.0,0.8333333333333333
aspirin / caffeine / orphenadrine,0.6666666666666666,3,2,0,0.0,0.0,0.8333333333333333
chlorpheniramine / pseudoephedrine,0.6666666666666666,3,2,0,0.0,0.0,0.8333333333333333
astelin,0.6666666666666666,3,2,0,0.0,0.6666666666666666,0.8333333333333333
pazeo,0.6666666666666666,3,2,0,0.0,0.6666666666666666,0.8333333333333333
staxyn,0.6666666666666666,3,2,0,0.3333333333333333,0.3333333333333333,0.8333333333333333
desogen,0.6666666666666666,3,2,0,0.0,0.3333333333333333,0.8333333333333333
glycerin,0.6666666666666666,3,2,0,0.0,0.0,0.8333333333333333
imodium,0.6666666666666666,3,2,0,0.0,0.0,0.8333333333333333
primatene mist,0.6666666666666666,3,2,0,0.0,0.0,0.8333333333333333
pramoxine,0.6666666666666666,15,10,0,0.0,0.06666666666666667,0.8333333333333333
prilosec,0.6666666666666666,6,4,0,0.0,0.16666666666666666,0.8333333333333333
emtricitabine / tenofovir,0.6666666666666666,3,2,0,0.0,0.0,0.8333333333333333
gemfibrozil,0.6666666666666666,3,2,0,0.0,0.3333333333333333,0.8333333333333333
altabax,0.6666666666666666,3,2,0,0.6666666666666666,0.0,0.8333333333333333
sporanox,0.6666666666666666,3,2,0,0.0,0.0,0.8333333333333333
advil cold and sinus,0.6666666666666666,3,2,0,0.0,0.0,0.8333333333333333
necon 7 / 7 / 7,0.6666666666666666,3,2,0,0.3333333333333333,0.0,0.8333333333333333
ritalin la,0.6666666666666666,3,2,0,0.3333333333333333,0.0,0.8333333333333333
minipress,0.6666666666666666,3,2,0,0.0,0.0,0.8333333333333333
magnesium oxide,0.6666666666666666,3,2,0,0.0,0.0,0.8333333333333333
biaxin xl,0.6666666666666666,3,2,0,0.3333333333333333,0.0,0.8333333333333333
androderm,0.6666666666666666,3,2,0,0.0,0.3333333333333333,0.8333333333333333
anaprox,0.6666666666666666,3,2,0,0.0,0.0,0.8333333333333333
pimozide,0.6666666666666666,3,2,0,0.0,0.3333333333333333,0.8333333333333333
dolutegravir,0.6666666666666666,3,2,0,0.0,0.3333333333333333,0.8333333333333333
patanase,0.6666666666666666,3,2,0,0.0,0.0,0.8333333333333333
pamine forte,0.6666666666666666,3,2,0,0.0,0.0,0.8333333333333333
pin-x,0.6666666666666666,3,2,0,0.0,0.0,0.8333333333333333
ciprofloxacin / dexamethasone,0.6666666666666666,9,6,0,0.0,0.1111111111111111,0.8333333333333333
aldactone,0.6666666666666666,3,2,0,0.0,0.0,0.8333333333333333
qnasl,0.6666666666666666,3,2,0,0.0,0.0,0.8333333333333333
orthovisc,0.6521739130434783,23,15,0,0.13043478260869565,0.34782608695652173,0.8260869565217391
cataflam,0.65,8,6,0,0.0,0.0,0.825
benzaclin,0.6363636363636364,11,7,0,0.18181818181818182,0.5454545454545454,0.8181818181818181
enalapril,0.625,4,3,0,0.0,0.25,0.8125
infliximab,0.62,25,16,0,0.04,0.2,0.81
breo ellipta,0.6153846153846154,13,8,0,0.0,0.23076923076923078,0.8076923076923077
fiorinal,0.6111111111111112,9,6,0,0.1111111111111111,0.2222222222222222,0.8055555555555556
hycodan,0.6111111111111112,9,6,0,0.0,0.0,0.8055555555555556
raltegravir,0.6,5,3,0,0.0,0.4,0.8
daliresp,0.6,5,3,0,0.0,0.0,0.8
dimethyl fumarate,0.6,5,3,0,0.0,0.2,0.8
aspirin / butalbital / caffeine / codeine,0.6,5,3,0,0.2,0.0,0.8
belimumab,0.6,5,4,1,0.2,0.6,0.8
abatacept,0.6,5,3,0,0.0,0.4,0.8
opana,0.5785714285714285,14,9,0,0.5,0.07142857142857142,0.7892857142857143
frova,0.5714285714285714,7,4,0,0.0,0.42857142857142855,0.7857142857142857
halobetasol,0.5714285714285714,7,4,0,0.0,0.0,0.7857142857142857
sanctura,0.5714285714285714,7,4,0,0.0,0.0,0.7857142857142857
elbasvir / grazoprevir,0.5714285714285714,7,4,0,0.2857142857142857,0.7142857142857143,0.7857142857142857
parnate,0.5625,8,6,1,0.5,0.375,0.78125
rocephin,0.5555555555555556,9,5,0,0.1111111111111111,0.1111111111111111,0.7777777777777778
tessalon perles,0.55,10,6,0,0.1,0.1,0.775
soolantra,0.55,20,11,0,0.0,0.2,0.775
silver sulfadiazine,0.5454545454545454,11,8,2,0.0,0.09090909090909091,0.7727272727272727
trulance,0.5416666666666666,12,7,0,0.0,0.08333333333333333,0.7708333333333333
propoxyphene,0.5333333333333333,6,4,0,0.0,0.0,0.7666666666666666
miralax,0.525,20,12,1,0.0,0.2,0.7625
synvisc,0.52,10,6,0,0.0,0.1,0.76
pentosan polysulfate sodium,0.5142857142857143,14,8,0,0.07142857142857142,0.14285714285714285,0.7571428571428571
ultram er,0.5125,8,5,0,0.25,0.125,0.75625
icosapent,0.5,4,2,0,0.0,0.0,0.75
hydrochlorothiazide / telmisartan,0.5,2,1,0,0.0,0.0,0.75
thiothixene,0.5,2,1,0,0.0,0.0,0.75
hiprex,0.5,4,2,0,0.0,0.0,0.75
histrelin,0.5,2,1,0,0.0,0.0,0.75
humulin r u-500 (concentrated),0.5,2,1,0,0.0,0.0,0.75
chlorpheniramine,0.5,4,2,0,0.0,0.0,0.75
orudis,0.5,2,1,0,0.0,0.0,0.75
aspirin / carisoprodol,0.5,4,2,0,0.0,0.25,0.75
cevimeline,0.5,2,1,0,0.0,0.5,0.75
arixtra,0.5,2,1,0,0.0,0.0,0.75
asmanex twisthaler,0.5,4,2,0,0.0,0.0,0.75
astepro,0.5,4,3,1,0.0,0.0,0.75
eslicarbazepine,0.5,2,1,0,0.0,0.0,0.75
bensal hp,0.5,2,1,0,0.0,0.5,0.75
norpramin,0.5,2,1,0,0.0,0.0,0.75
esgic-plus,0.5,2,1,0,0.0,0.5,0.75
restasis,0.5,8,4,0,0.0,0.0,0.75
prozac weekly,0.5,2,1,0,0.0,0.0,0.75
pseudoephedrine / triprolidine,0.5,2,1,0,0.5,0.0,0.75
psyllium,0.5,2,1,0,0.0,0.0,0.75
umeclidinium,0.5,2,1,0,0.0,0.0,0.75
pepto-bismol,0.5,2,1,0,0.0,0.0,0.75
supartz,0.5,4,3,1,0.0,0.0,0.75
avalide,0.5,2,1,0,0.0,0.5,0.75
avodart,0.5,4,2,0,0.5,0.0,0.75
tarka,0.5,2,1,0,0.0,0.0,0.75
paregoric,0.5,2,1,0,0.0,0.0,0.75
depo-testosterone,0.5,2,1,0,0.0,0.0,0.75
pegasys,0.5,2,1,0,0.0,0.5,0.75
pancrelipase,0.5,4,2,0,0.0,0.25,0.75
balacet,0.5,2,1,0,0.0,0.0,0.75
banzel,0.5,2,1,0,0.0,0.0,0.75
pramosone,0.5,2,1,0,0.0,0.0,0.75
praluent,0.5,4,2,0,0.5,0.5,0.75
azilsartan medoxomil / chlorthalidone,0.5,2,1,0,0.0,0.5,0.75
azor,0.5,8,4,0,0.0,0.125,0.75
desowen,0.5,2,1,0,0.0,0.0,0.75
azelex,0.5,2,1,0,0.0,0.0,0.75
climara pro,0.5,2,1,0,0.0,0.0,0.75
kenalog-10,0.5,2,1,0,0.0,0.0,0.75
aldara,0.5,6,3,0,0.0,0.5,0.75
xopenex,0.5,2,1,0,0.0,0.0,0.75
zantac,0.5,2,1,0,0.0,0.0,0.75
imdur,0.5,2,1,0,0.0,0.5,0.75
felbamate,0.5,2,1,0,0.0,0.0,0.75
eylea,0.5,4,2,0,0.0,0.0,0.75
acetaminophen / dexbrompheniramine / pseudoephedrine,0.5,2,1,0,0.0,0.0,0.75
acetaminophen / caffeine,0.5,2,1,0,0.0,0.0,0.75
apomorphine,0.5,3,2,0,0.0,0.0,0.75
nature-throid,0.5,7,4,0,0.0,0.0,0.75
femhrt,0.5,2,1,0,0.0,0.0,0.75
rifaximin,0.5,16,9,1,0.0,0.1875,0.75
retin-a,0.5,10,5,0,0.2,0.5,0.75
uribel,0.5,2,1,0,0.0,0.5,0.75
acetaminophen / butalbital / caffeine / codeine,0.5,4,2,0,0.25,0.25,0.75
famotidine,0.5,6,3,0,0.3333333333333333,0.0,0.75
qvar,0.5,2,1,0,0.0,0.5,0.75
feldene,0.5,2,1,0,0.0,0.0,0.75
bepotastine,0.5,5,3,0,0.0,0.0,0.75
novolog,0.5,2,1,0,0.0,0.0,0.75
estradiol / levonorgestrel,0.5,2,1,0,0.0,0.0,0.75
ethinyl estradiol / folic acid / levonorgestrel,0.5,2,1,0,0.0,0.0,0.75
advair hfa,0.5,2,1,0,0.5,0.5,0.75
ddavp,0.5,2,1,0,0.0,0.0,0.75
aflibercept,0.5,4,2,0,0.25,0.25,0.75
fluorometholone,0.5,2,1,0,0.0,0.5,0.75
fluphenazine,0.5,3,2,0,0.0,0.0,0.75
colazal,0.5,2,1,0,0.0,0.5,0.75
haldol,0.5,6,3,0,0.0,0.16666666666666666,0.75
lantus solostar,0.5,2,1,0,0.0,0.0,0.75
allerx dose pack df,0.5,2,1,0,0.0,0.0,0.75
cefixime,0.5,2,1,0,0.0,0.0,0.75
levalbuterol,0.5,4,2,0,0.0,0.0,0.75
tenex,0.5,2,1,0,0.0,0.0,0.75
tesamorelin,0.5,2,1,0,0.0,0.5,0.75
cefpodoxime,0.5,2,1,0,0.0,0.0,0.75
cefprozil,0.5,2,1,0,0.0,0.0,0.75
acetaminophen / pamabrom,0.5,4,2,0,0.25,0.75,0.75
aciphex,0.5,8,4,0,0.0,0.0,0.75
crotamiton,0.5,2,1,0,0.0,0.0,0.75
amoxapine,0.5,2,1,0,0.0,0.0,0.75
antipyrine / benzocaine,0.5,2,1,0,0.0,0.0,0.75
anoro ellipta,0.5,5,3,0,0.2,0.2,0.75
motrin ib,0.5,2,1,0,0.0,0.0,0.75
motrin,0.5,4,2,0,0.0,0.0,0.75
mucinex dm,0.5,2,1,0,0.0,0.0,0.75
daklinza,0.5,2,1,0,0.5,0.5,0.75
rosula,0.5,2,1,0,0.0,0.0,0.75
camphor / menthol,0.5,2,1,0,0.0,0.0,0.75
carbamide peroxide,0.5,2,1,0,0.0,0.0,0.75
minocin,0.5,2,1,0,0.0,0.5,0.75
micardis hct,0.5,2,1,0,0.0,0.0,0.75
budeprion xl,0.5,2,1,0,0.0,0.5,0.75
seconal,0.5,2,1,0,0.0,0.0,0.75
sildec-pe dm,0.5,2,1,0,0.0,0.0,0.75
florastor,0.5,2,1,0,0.0,0.0,0.75
cyclizine,0.5,2,1,0,0.0,0.0,0.75
canasa,0.5,2,1,0,0.0,0.0,0.75
levorphanol,0.5,2,1,0,0.0,0.0,0.75
levsin,0.5,2,1,0,0.0,0.5,0.75
lexiscan,0.5,2,1,0,0.0,0.0,0.75
lidocaine / prilocaine,0.5,2,1,0,0.0,0.0,0.75
locoid lipocream,0.5,2,1,0,0.0,0.0,0.75
lodine,0.5,2,1,0,0.0,0.0,0.75
colesevelam,0.5,14,8,0,0.07142857142857142,0.21428571428571427,0.75
flurandrenolide,0.5,2,1,0,0.0,0.0,0.75
commit,0.5,2,1,0,0.0,0.5,0.75
goody's extra-strength headache powders,0.5,2,1,0,0.0,0.5,0.75
gralise,0.5,2,1,0,0.0,0.0,0.75
foradil aerolizer,0.5,2,1,0,0.0,0.0,0.75
guaifenesin / phenylephrine,0.5,2,1,0,0.0,0.5,0.75
magnesium amino acids chelate,0.5,2,1,0,0.5,0.0,0.75
lovenox,0.5,4,2,0,0.0,0.0,0.75
insulin glulisine,0.5,2,1,0,0.0,0.0,0.75
efudex,0.5,8,5,1,0.0,0.125,0.75
detrol,0.5,2,1,0,0.0,0.0,0.75
duexis,0.5,2,1,0,0.0,0.0,0.75
stalevo,0.5,2,1,0,0.0,0.0,0.75
lovastatin,0.5,2,1,0,0.0,0.0,0.75
amantadine,0.5,4,2,0,0.25,0.25,0.75
alrex,0.5,2,1,0,0.0,0.0,0.75
privine,0.5,2,1,0,0.0,0.0,0.75
proair hfa,0.5,2,1,0,0.0,0.0,0.75
clearlax,0.5,3,2,0,0.0,0.3333333333333333,0.75
inderal la,0.5,2,1,0,0.0,0.5,0.75
insulin aspart,0.5,2,1,0,0.0,0.5,0.75
prilosec otc,0.5,4,2,0,0.25,0.0,0.75
enablex,0.5,4,2,0,0.0,0.25,0.75
eltrombopag,0.5,2,1,0,0.0,0.5,0.75
meperidine,0.47692307692307695,13,7,0,0.15384615384615385,0.15384615384615385,0.7384615384615385
androgel,0.475,20,13,2,0.35,0.4,0.7375
xifaxan,0.4727272727272727,11,7,1,0.0,0.18181818181818182,0.7363636363636363
sodium hyaluronate,0.4722222222222222,36,18,1,0.1388888888888889,0.25,0.7361111111111112
ziana,0.47058823529411764,17,8,0,0.058823529411764705,0.29411764705882354,0.7352941176470589
olopatadine,0.4666666666666667,15,7,0,0.06666666666666667,0.13333333333333333,0.7333333333333334
fluocinolone / hydroquinone / tretinoin,0.4666666666666667,9,5,0,0.0,0.2222222222222222,0.7333333333333334
hyaluronan,0.4636363636363636,22,11,0,0.13636363636363635,0.3181818181818182,0.7318181818181818
fioricet,0.46071428571428574,28,17,1,0.0,0.17857142857142858,0.7303571428571429
rabeprazole,0.45454545454545453,11,5,0,0.0,0.0,0.7272727272727273
voltaren,0.45,20,9,0,0.25,0.1,0.725
oxytrol,0.4444444444444444,18,9,1,0.05555555555555555,0.16666666666666666,0.7222222222222222
hylan g-f 20,0.4444444444444444,18,8,0,0.05555555555555555,0.1111111111111111,0.7222222222222222
allopurinol,0.4444444444444444,9,4,0,0.3333333333333333,0.1111111111111111,0.7222222222222222
fluticasone,0.4379310344827586,29,15,1,0.0,0.06896551724137931,0.7189655172413794
tussionex pennkinetic,0.43478260869565216,23,12,0,0.08695652173913043,0.043478260869565216,0.717391304347826
invega sustenna,0.42857142857142855,7,3,0,0.0,0.14285714285714285,0.7142857142857143
nasonex,0.42857142857142855,7,3,0,0.0,0.0,0.7142857142857143
ibuprofen,0.42857142857142855,14,7,0,0.07142857142857142,0.07142857142857142,0.7142857142857143
fleet enema,0.42857142857142855,7,3,0,0.0,0.14285714285714285,0.7142857142857143
voltaren gel,0.4258064516129032,31,16,1,0.06451612903225806,0.12903225806451613,0.7129032258064516
hydrocodone / ibuprofen,0.425,20,11,2,0.05,0.15,0.7125
celecoxib,0.42424242424242425,33,15,0,0.21212121212121213,0.21212121212121213,0.7121212121212122
clorazepate,0.42000000000000004,5,3,0,0.0,0.0,0.71
pimecrolimus,0.42000000000000004,10,5,0,0.1,0.1,0.71
adapalene / benzoyl peroxide,0.41884057971014493,138,64,3,0.050724637681159424,0.2391304347826087,0.7094202898550724
benzocaine,0.4166666666666667,6,3,0,0.0,0.0,0.7083333333333334
embeda,0.41,10,6,1,0.3,0.3,0.705
xenical,0.4,5,2,0,0.0,0.8,0.7
zelnorm,0.4,5,2,0,0.0,0.4,0.7
azelastine,0.4,15,6,0,0.0,0.06666666666666667,0.7
evekeo,0.4,5,2,0,0.0,0.0,0.7
aspirin / butalbital / caffeine,0.4,15,7,0,0.0,0.26666666666666666,0.7
quinine,0.4,5,2,0,0.0,0.0,0.7
methenamine,0.4,5,2,0,0.0,0.4,0.7
duac,0.39999999999999997,38,16,0,0.02631578947368421,0.15789473684210525,0.7
crisaborole,0.4,5,3,1,0.0,0.4,0.7
trilipix,0.4,5,2,0,0.0,0.0,0.7
trospium,0.4,5,2,0,0.2,0.4,0.7
nasacort,0.4,10,5,1,0.0,0.2,0.7
acetaminophen / phenyltoloxamine,0.4,5,2,0,0.0,0.0,0.7
lastacaft,0.4,5,2,0,0.0,0.2,0.7
frovatriptan,0.4,10,5,1,0.0,0.1,0.7
bromocriptine,0.4,5,2,0,0.0,0.4,0.7
benzoyl peroxide / clindamycin,0.3975308641975309,81,33,0,0.06172839506172839,0.19753086419753085,0.6987654320987655
invega,0.38235294117647056,17,8,0,0.058823529411764705,0.17647058823529413,0.6911764705882353
robaxin,0.375,8,4,0,0.0,0.25,0.6875
midazolam,0.375,8,4,1,0.0,0.125,0.6875
ampyra,0.375,8,4,1,0.0,0.125,0.6875
proctofoam,0.375,4,2,0,0.0,0.5,0.6875
vedolizumab,0.375,4,2,0,0.0,0.0,0.6875
desonide,0.375,8,3,0,0.0,0.0,0.6875
axert,0.375,4,2,0,0.0,0.0,0.6875
sulfacetamide sodium / sulfur,0.375,8,3,0,0.0,0.25,0.6875
relafen,0.375,8,3,0,0.0,0.125,0.6875
norco,0.37317073170731707,41,20,2,0.04878048780487805,0.1951219512195122,0.6865853658536585
epiduo,0.3697368421052632,76,31,0,0.05263157894736842,0.3026315789473684,0.6848684210526316
diclofenac,0.3686440677966102,118,56,5,0.11016949152542373,0.1440677966101695,0.6843220338983051
maxalt,0.3684210526315789,19,9,1,0.0,0.3157894736842105,0.6842105263157895
vicodin,0.36818181818181817,22,11,1,0.045454545454545456,0.18181818181818182,0.6840909090909091
emollients,0.3666666666666667,6,3,0,0.0,0.3333333333333333,0.6833333333333333
donnatal,0.3666666666666667,6,3,0,0.0,0.0,0.6833333333333333
alli,0.36428571428571427,14,6,0,0.0,0.14285714285714285,0.6821428571428572
carisoprodol,0.3621621621621622,37,19,0,0.02702702702702703,0.08108108108108109,0.6810810810810811
sumavel dosepro,0.35555555555555557,9,5,0,0.2222222222222222,0.1111111111111111,0.6777777777777778
metaxalone,0.35294117647058826,17,8,2,0.0,0.058823529411764705,0.6764705882352942
lialda,0.35294117647058826,17,7,0,0.058823529411764705,0.058823529411764705,0.6764705882352942
pseudoephedrine,0.35000000000000003,12,6,1,0.08333333333333333,0.08333333333333333,0.675
eletriptan,0.3464285714285714,28,15,4,0.17857142857142858,0.07142857142857142,0.6732142857142858
tiotropium,0.34615384615384615,13,6,1,0.07692307692307693,0.23076923076923078,0.6730769230769231
amphetamine,0.34444444444444444,9,5,1,0.1111111111111111,0.1111111111111111,0.6722222222222223
viagra,0.34444444444444444,36,15,1,0.5,0.3888888888888889,0.6722222222222223
guaifenesin,0.34324324324324323,37,18,3,0.10810810810810811,0.16216216216216217,0.6716216216216216
drixoral cold and allergy,0.34285714285714286,7,4,0,0.0,0.0,0.6714285714285715
tretinoin,0.34249999999999997,80,32,3,0.125,0.35,0.67125
zanaflex,0.33999999999999997,15,7,1,0.13333333333333333,0.13333333333333333,0.6699999999999999
tioconazole,0.3388888888888889,270,104,4,0.025925925925925925,0.337037037037037,0.6694444444444445
lifitegrast,0.3368421052631579,19,9,1,0.05263157894736842,0.2631578947368421,0.6684210526315789
acetaminophen / codeine,0.3346153846153846,26,11,1,0.11538461538461539,0.15384615384615385,0.6673076923076923
edarbyclor,0.3333333333333333,3,1,0,0.0,0.3333333333333333,0.6666666666666666
eligard,0.3333333333333333,3,1,0,0.3333333333333333,0.6666666666666666,0.6666666666666666
imodium a-d,0.3333333333333333,3,2,1,0.0,0.0,0.6666666666666666
immune globulin subcutaneous,0.3333333333333333,3,1,0,0.3333333333333333,0.3333333333333333,0.6666666666666666
citranatal 90 dha,0.3333333333333333,3,1,0,0.0,0.0,0.6666666666666666
hyoscyamine / methenamine / methylene blue / phenyl salicylate,0.3333333333333333,3,1,0,0.0,0.0,0.6666666666666666
indocin sr,0.3333333333333333,3,1,0,0.3333333333333333,0.0,0.6666666666666666
hydrocortisone / neomycin / polymyxin b,0.3333333333333333,3,1,0,0.0,0.3333333333333333,0.6666666666666666
dymista,0.3333333333333333,15,8,3,0.0,0.2,0.6666666666666666
econazole,0.3333333333333333,3,1,0,0.0,0.0,0.6666666666666666
certolizumab,0.3333333333333333,3,1,0,0.0,0.0,0.6666666666666666
klonopin wafer,0.3333333333333333,3,1,0,0.0,0.0,0.6666666666666666
alfuzosin,0.3333333333333333,9,5,2,0.0,0.1111111111111111,0.6666666666666666
chlorthalidone,0.3333333333333333,3,1,0,0.3333333333333333,0.0,0.6666666666666666
cenestin,0.3333333333333333,3,1,0,0.0,0.3333333333333333,0.6666666666666666
lantus,0.3333333333333333,3,1,0,0.0,0.0,0.6666666666666666
hydrochlorothiazide / olmesartan,0.3333333333333333,6,2,0,0.16666666666666666,0.3333333333333333,0.6666666666666666
keytruda,0.3333333333333333,3,1,0,0.0,0.0,0.6666666666666666
tazarotene,0.3333333333333333,3,1,0,0.0,0.0,0.6666666666666666
chondroitin / glucosamine,0.3333333333333333,3,1,0,0.0,0.0,0.6666666666666666
balsalazide,0.3333333333333333,3,1,0,0.0,0.3333333333333333,0.6666666666666666
pentazocine,0.3333333333333333,3,1,0,0.0,0.0,0.6666666666666666
undecylenic acid,0.3333333333333333,3,1,0,0.0,0.0,0.6666666666666666
ranibizumab,0.3333333333333333,3,1,0,0.6666666666666666,0.0,0.6666666666666666
kadian,0.3333333333333333,6,2,0,0.3333333333333333,0.0,0.6666666666666666
hydrocortisone,0.3333333333333333,9,3,0,0.0,0.1111111111111111,0.6666666666666666
ammonium lactate,0.3333333333333333,3,1,0,0.0,0.0,0.6666666666666666
norel sr,0.3333333333333333,3,2,1,0.0,0.0,0.6666666666666666
boniva,0.3333333333333333,3,1,0,0.0,0.0,0.6666666666666666
bextra,0.3333333333333333,3,1,0,0.0,0.0,0.6666666666666666
nuedexta,0.3333333333333333,3,1,0,0.0,0.6666666666666666,0.6666666666666666
betamethasone,0.3333333333333333,6,3,1,0.0,0.0,0.6666666666666666
benzphetamine,0.3333333333333333,3,1,0,0.0,0.3333333333333333,0.6666666666666666
estrace vaginal cream,0.3333333333333333,15,6,1,0.3333333333333333,0.4,0.6666666666666666
fioricet with codeine,0.3333333333333333,3,1,0,0.0,0.0,0.6666666666666666
trivora,0.3333333333333333,3,1,0,0.0,0.6666666666666666,0.6666666666666666
namenda,0.3333333333333333,3,1,0,0.0,0.0,0.6666666666666666
narcan injection,0.3333333333333333,3,1,0,0.0,0.0,0.6666666666666666
salonpas pain patch,0.3333333333333333,3,1,0,0.0,0.0,0.6666666666666666
muse,0.3333333333333333,3,1,0,0.0,0.0,0.6666666666666666
brompheniramine,0.3333333333333333,3,2,1,0.0,0.0,0.6666666666666666
ryzolt,0.3333333333333333,3,1,0,0.0,0.0,0.6666666666666666
lotemax,0.3333333333333333,3,1,0,0.0,0.0,0.6666666666666666
migranal,0.3333333333333333,3,1,0,0.0,0.0,0.6666666666666666
trifluoperazine,0.3333333333333333,3,1,0,0.0,0.0,0.6666666666666666
gardasil,0.3333333333333333,3,1,0,0.0,0.0,0.6666666666666666
calcium carbonate,0.3333333333333333,3,1,0,0.0,0.0,0.6666666666666666
caffeine / ergotamine,0.3333333333333333,3,1,0,0.0,0.3333333333333333,0.6666666666666666
actonel,0.3333333333333333,3,1,0,0.0,0.3333333333333333,0.6666666666666666
fycompa,0.3333333333333333,3,1,0,0.0,0.3333333333333333,0.6666666666666666
alirocumab,0.3333333333333333,3,1,0,0.6666666666666666,0.6666666666666666,0.6666666666666666
lorzone,0.3333333333333333,3,1,0,0.0,0.3333333333333333,0.6666666666666666
sitagliptin,0.3333333333333333,15,5,0,0.2,0.13333333333333333,0.6666666666666666
colchicine,0.3333333333333333,9,4,0,0.0,0.2222222222222222,0.6666666666666666
allegra-d 24 hour,0.3333333333333333,3,2,1,0.0,0.3333333333333333,0.6666666666666666
clozapine,0.3333333333333333,6,3,1,0.0,0.16666666666666666,0.6666666666666666
reclast,0.3333333333333333,3,1,0,0.3333333333333333,0.0,0.6666666666666666
rectiv,0.3333333333333333,3,1,0,0.0,0.3333333333333333,0.6666666666666666
bactroban,0.3333333333333333,3,1,0,0.0,0.0,0.6666666666666666
prenatal plus,0.3333333333333333,3,1,0,0.0,0.0,0.6666666666666666
zovirax,0.3333333333333333,3,1,0,0.0,0.3333333333333333,0.6666666666666666
vicodin es,0.3333333333333333,3,1,0,0.0,0.0,0.6666666666666666
enoxaparin,0.3333333333333333,3,1,0,0.0,0.0,0.6666666666666666
doxazosin,0.3333333333333333,3,2,1,0.0,0.0,0.6666666666666666
ayr saline nasal,0.3333333333333333,3,1,0,0.0,0.3333333333333333,0.6666666666666666
retapamulin,0.3333333333333333,3,1,0,0.0,0.0,0.6666666666666666
protopic,0.3333333333333333,3,1,0,0.0,0.3333333333333333,0.6666666666666666
entyvio,0.3333333333333333,6,3,1,0.0,0.0,0.6666666666666666
azelaic acid,0.32727272727272727,22,9,1,0.09090909090909091,0.22727272727272727,0.6636363636363636
hypercare,0.32682926829268294,41,17,2,0.14634146341463414,0.2926829268292683,0.6634146341463415
adapalene,0.325,56,21,2,0.08928571428571429,0.2857142857142857,0.6625
hyoscyamine,0.3235294117647059,17,7,0,0.058823529411764705,0.058823529411764705,0.6617647058823529
acetaminophen / hydrocodone,0.3216867469879518,166,70,7,0.0783132530120482,0.10843373493975904,0.6608433734939759
lansoprazole,0.3181818181818182,11,5,1,0.2727272727272727,0.18181818181818182,0.6590909090909091
glatiramer,0.3181818181818182,22,7,0,0.09090909090909091,0.09090909090909091,0.6590909090909091
synvisc-one,0.31764705882352945,17,7,0,0.0,0.0,0.6588235294117647
chlorpheniramine / hydrocodone,0.3125,16,8,2,0.0,0.125,0.65625
budesonide / formoterol,0.31071428571428567,28,11,0,0.07142857142857142,0.17857142857142858,0.6553571428571429
eluxadoline,0.31071428571428567,28,14,2,0.17857142857142858,0.25,0.6553571428571429
flonase,0.3105263157894737,19,8,0,0.0,0.2631578947368421,0.6552631578947369
l-methylfolate,0.3076923076923077,13,5,0,0.3076923076923077,0.07692307692307693,0.6538461538461539
fluorouracil,0.3076923076923077,26,8,0,0.07692307692307693,0.15384615384615385,0.6538461538461539
canagliflozin,0.3069767441860465,43,18,0,0.18604651162790697,0.09302325581395349,0.6534883720930232
clindamycin / tretinoin,0.30689655172413793,29,11,0,0.0,0.3448275862068966,0.653448275862069
aluminum chloride hexahydrate,0.3048543689320388,103,40,7,0.07766990291262135,0.3106796116504854,0.6524271844660194
amerge,0.3,5,3,1,0.0,0.2,0.65
tegretol xr,0.3,5,2,0,0.2,0.6,0.65
advil,0.3,5,2,0,0.0,0.2,0.65
velivet,0.3,7,3,0,0.0,0.2857142857142857,0.65
dexedrine,0.3,10,4,0,0.2,0.4,0.65
phenazopyridine,0.3,25,10,1,0.04,0.16,0.65
phenylephrine,0.3,4,2,0,0.0,0.0,0.65
estradiol patch,0.3,5,2,0,0.4,0.6,0.65
nexium,0.3,20,8,2,0.2,0.15,0.65
roflumilast,0.3,7,4,1,0.0,0.14285714285714285,0.65
entocort ec,0.3,4,2,0,0.0,0.0,0.65
dabigatran,0.3,10,4,1,0.0,0.1,0.65
treprostinil,0.3,5,2,0,0.0,0.0,0.65
lidocaine,0.296551724137931,29,13,2,0.034482758620689655,0.1724137931034483,0.6482758620689655
benzonatate,0.2953125,64,27,1,0.109375,0.171875,0.64765625
soma,0.29523809523809524,21,9,0,0.047619047619047616,0.0,0.6476190476190476
advair diskus,0.29411764705882354,17,6,0,0.11764705882352941,0.35294117647058826,0.6470588235294118
mometasone,0.29310344827586204,29,12,3,0.0,0.034482758620689655,0.646551724137931
estradiol,0.29310344827586204,58,24,4,0.06896551724137931,0.1724137931034483,0.646551724137931
singulair,0.2911764705882353,34,15,2,0.08823529411764706,0.11764705882352941,0.6455882352941177
ixekizumab,0.29,10,5,0,0.1,0.3,0.645
aleve,0.2888888888888889,18,7,0,0.0,0.05555555555555555,0.6444444444444445
lidoderm,0.2875,16,7,0,0.0,0.0625,0.64375
rogaine,0.2857142857142857,7,2,0,0.14285714285714285,0.2857142857142857,0.6428571428571428
correctol,0.2857142857142857,7,2,0,0.0,0.0,0.6428571428571428
afrezza,0.2857142857142857,7,2,0,0.0,0.0,0.6428571428571428
ketoconazole,0.2857142857142857,7,2,0,0.0,0.0,0.6428571428571428
ceftriaxone,0.2857142857142857,14,6,2,0.0,0.07142857142857142,0.6428571428571428
accutane,0.2846938775510204,98,38,4,0.20408163265306123,0.2857142857142857,0.6423469387755102
ranexa,0.2777777777777778,9,3,0,0.0,0.1111111111111111,0.6388888888888888
lysine,0.2777777777777778,9,3,0,0.0,0.1111111111111111,0.6388888888888888
drysol,0.27636363636363637,55,17,1,0.03636363636363636,0.23636363636363636,0.6381818181818182
mirabegron,0.275,28,11,2,0.25,0.21428571428571427,0.6375
monistat 7,0.2692307692307692,26,8,0,0.038461538461538464,0.38461538461538464,0.6346153846153846
opana er,0.2692307692307692,13,5,1,0.38461538461538464,0.15384615384615385,0.6346153846153846
dexbrompheniramine / pseudoephedrine,0.26666666666666666,15,7,3,0.0,0.26666666666666666,0.6333333333333333
subsys,0.26666666666666666,6,3,0,0.16666666666666666,0.3333333333333333,0.6333333333333333
demerol,0.26666666666666666,15,7,3,0.13333333333333333,0.06666666666666667,0.6333333333333333
lortab,0.2655172413793104,29,12,1,0.06896551724137931,0.2413793103448276,0.6327586206896552
esomeprazole,0.2647058823529412,17,6,1,0.11764705882352941,0.17647058823529413,0.6323529411764706
azelastine / fluticasone,0.2611111111111111,18,7,1,0.0,0.1111111111111111,0.6305555555555555
efinaconazole,0.25882352941176473,17,6,0,0.058823529411764705,0.35294117647058826,0.6294117647058823
clobetasol,0.25833333333333336,24,7,0,0.0,0.041666666666666664,0.6291666666666667
stelara,0.2576923076923077,26,9,1,0.23076923076923078,0.38461538461538464,0.6288461538461538
meloxicam,0.2569444444444444,72,33,9,0.125,0.1111111111111111,0.6284722222222222
indomethacin,0.25588235294117645,34,15,2,0.17647058823529413,0.20588235294117646,0.6279411764705882
abreva,0.255,40,15,0,0.0,0.2,0.6275
naproxen,0.2549295774647887,71,29,4,0.07042253521126761,0.14084507042253522,0.6274647887323943
acetaminophen / oxycodone,0.25255474452554744,137,61,11,0.08759124087591241,0.10218978102189781,0.6262773722627737
inderal,0.25,14,6,2,0.21428571428571427,0.07142857142857142,0.625
diprivan,0.25,4,1,0,0.0,0.0,0.625
echinacea,0.25,4,1,0,0.25,0.0,0.625
ibandronate,0.25,4,1,0,0.25,0.25,0.625
hydroxyurea,0.25,4,1,0,0.25,0.0,0.625
climara,0.25,6,2,0,0.3333333333333333,0.16666666666666666,0.625
sunitinib,0.25,6,2,0,0.3333333333333333,0.3333333333333333,0.625
docusate / senna,0.25,4,1,0,0.0,0.0,0.625
zyprexa zydis,0.25,4,1,0,0.0,0.0,0.625
zenpep,0.25,2,1,0,0.0,0.0,0.625
dutasteride / tamsulosin,0.25,6,3,1,0.0,0.0,0.625
dutasteride,0.25,4,1,0,0.0,0.25,0.625
dulcolax laxative,0.25,4,1,0,0.25,0.5,0.625
zegerid,0.25,4,1,0,0.0,0.25,0.625
temovate,0.25,2,1,0,0.0,0.0,0.625
glyburide,0.25,2,1,0,0.5,0.0,0.625
lidex,0.25,4,2,1,0.0,0.0,0.625
tindamax,0.25,4,2,1,0.0,0.0,0.625
secukinumab,0.25,6,3,1,0.0,0.0,0.625
metamucil,0.25,4,1,0,0.0,0.0,0.625
rytary,0.25,2,1,0,0.5,0.5,0.625
naprosyn,0.25,6,2,0,0.0,0.16666666666666666,0.625
mucinex,0.25,10,5,2,0.0,0.0,0.625
cyclafem 1 / 35,0.25,4,2,1,0.0,0.5,0.625
multivitamin with minerals,0.25,4,1,0,0.0,0.0,0.625
flavoxate,0.25,2,1,0,0.0,0.0,0.625
saliva substitutes,0.25,4,1,0,0.0,0.0,0.625
amitriptyline / perphenazine,0.25,2,1,0,0.0,0.0,0.625
salmeterol,0.25,2,1,0,0.0,0.0,0.625
memantine,0.25,6,2,0,0.0,0.3333333333333333,0.625
toprol-xl,0.25,4,2,1,0.0,0.25,0.625
tivicay,0.25,4,1,0,0.0,0.5,0.625
selenium sulfide,0.25,4,1,0,0.0,0.0,0.625
aplenzin,0.25,2,1,0,0.0,0.5,0.625
exelon,0.25,2,1,0,0.0,0.0,0.625
tylenol,0.25,4,1,0,0.0,0.0,0.625
repatha,0.25,8,2,0,0.0,0.125,0.625
apriso,0.25,4,1,0,0.0,0.5,0.625
benzoyl peroxide,0.25,4,1,0,0.25,0.0,0.625
uricalm,0.25,4,1,0,0.0,0.0,0.625
estrace,0.25,2,1,0,0.0,0.0,0.625
bevacizumab,0.25,2,1,0,0.5,0.5,0.625
niaspan,0.25,4,1,0,0.0,0.0,0.625
estring,0.25,4,2,1,0.0,0.25,0.625
avonex,0.25,8,3,1,0.0,0.125,0.625
epiceram,0.25,4,1,0,0.0,0.0,0.625
eribulin,0.25,2,1,0,0.0,0.0,0.625
zutripro,0.25,2,1,0,0.0,0.0,0.625
vitamin d2,0.25,2,1,0,0.0,0.0,0.625
zocor,0.25,4,1,0,0.0,0.0,0.625
dihydroergotamine,0.25,8,3,1,0.0,0.0,0.625
zytiga,0.25,4,1,0,0.0,0.0,0.625
celebrex,0.24838709677419354,31,13,4,0.03225806451612903,0.25806451612903225,0.6241935483870967
ranitidine,0.2482758620689655,29,13,5,0.0,0.20689655172413793,0.6241379310344828
linaclotide,0.24805194805194808,77,36,10,0.012987012987012988,0.35064935064935066,0.624025974025974
monistat 3-day combination pack,0.248,25,8,0,0.04,0.36,0.624
fexofenadine,0.24705882352941178,17,6,1,0.058823529411764705,0.11764705882352941,0.6235294117647059
prevacid,0.24666666666666667,15,5,0,0.13333333333333333,0.0,0.6233333333333333
magnesium citrate,0.2441860465116279,43,16,5,0.0,0.27906976744186046,0.622093023255814
zohydro er,0.24285714285714285,7,3,0,0.42857142857142855,0.42857142857142855,0.6214285714285714
docosanol,0.2423076923076923,52,15,0,0.0,0.15384615384615385,0.6211538461538462
monistat 7-day combination pack,0.24074074074074073,27,7,0,0.1111111111111111,0.5555555555555556,0.6203703703703703
omeprazole,0.24074074074074073,27,7,0,0.2222222222222222,0.14814814814814814,0.6203703703703703
lithobid,0.24,5,2,0,0.0,0.2,0.62
amrix,0.24,5,2,0,0.0,0.0,0.62
lasix,0.24,5,2,0,0.2,0.2,0.62
pennsaid,0.24,5,2,0,0.2,0.0,0.62
axiron,0.23529411764705882,17,8,3,0.29411764705882354,0.5294117647058824,0.6176470588235294
acetaminophen / propoxyphene,0.23333333333333334,18,7,1,0.0,0.16666666666666666,0.6166666666666667
fluticasone / salmeterol,0.23333333333333334,18,8,2,0.05555555555555555,0.0,0.6166666666666667
proair respiclick,0.2333333333333333,6,3,0,0.0,0.0,0.6166666666666667
skelaxin,0.23333333333333334,15,7,2,0.0,0.13333333333333333,0.6166666666666667
botox,0.2318181818181818,44,14,1,0.022727272727272728,0.2727272727272727,0.615909090909091
meridia,0.2285714285714286,14,6,1,0.07142857142857142,0.21428571428571427,0.6142857142857143
tacrolimus,0.2285714285714286,14,5,0,0.0,0.14285714285714285,0.6142857142857143
humira,0.22753623188405797,69,23,4,0.07246376811594203,0.2318840579710145,0.613768115942029
orlistat,0.22727272727272727,44,11,1,0.022727272727272728,0.3181818181818182,0.6136363636363636
zonegran,0.22727272727272727,11,4,1,0.09090909090909091,0.0,0.6136363636363636
euflexxa,0.22608695652173913,23,9,3,0.17391304347826086,0.2608695652173913,0.6130434782608696
dapsone,0.22380952380952382,42,11,0,0.14285714285714285,0.35714285714285715,0.611904761904762
simvastatin,0.2222222222222222,18,5,0,0.16666666666666666,0.16666666666666666,0.6111111111111112
cambia,0.2222222222222222,9,3,0,0.0,0.1111111111111111,0.6111111111111112
sildenafil,0.22105263157894736,57,19,2,0.3684210526315789,0.19298245614035087,0.6105263157894737
zolmitriptan,0.2210526315789474,19,6,0,0.0,0.2631578947368421,0.6105263157894737
saphris,0.22058823529411764,34,16,7,0.17647058823529413,0.38235294117647056,0.6102941176470589
isotretinoin,0.22039473684210525,152,53,10,0.2236842105263158,0.34868421052631576,0.6101973684210527
ciclopirox,0.22000000000000003,10,3,0,0.0,0.0,0.61
sklice,0.22000000000000003,10,3,0,0.0,0.1,0.61
acetaminophen / aspirin / caffeine,0.21923076923076923,26,12,5,0.038461538461538464,0.19230769230769232,0.6096153846153847
dicyclomine,0.21875,32,15,7,0.15625,0.0625,0.609375
simponi,0.21875,16,5,1,0.125,0.125,0.609375
magnesium hydroxide,0.21764705882352942,17,7,1,0.058823529411764705,0.35294117647058826,0.6088235294117648
benicar,0.21739130434782608,23,9,3,0.391304347826087,0.2608695652173913,0.6086956521739131
percocet,0.21714285714285714,35,14,5,0.05714285714285714,0.08571428571428572,0.6085714285714285
mesalamine,0.21707317073170732,41,15,4,0.07317073170731707,0.17073170731707318,0.6085365853658536
tenuate,0.21666666666666667,12,4,0,0.25,0.3333333333333333,0.6083333333333334
differin,0.2157894736842105,38,11,2,0.02631578947368421,0.18421052631578946,0.6078947368421053
penicillin v potassium,0.21428571428571427,7,2,0,0.0,0.14285714285714285,0.6071428571428571
actos,0.21428571428571427,7,2,0,0.2857142857142857,0.0,0.6071428571428571
flomax,0.21428571428571427,28,10,4,0.03571428571428571,0.21428571428571427,0.6071428571428571
dapagliflozin,0.21428571428571427,14,4,1,0.0,0.14285714285714285,0.6071428571428571
eflornithine,0.21428571428571427,21,7,2,0.0,0.3333333333333333,0.6071428571428571
myrbetriq,0.21363636363636365,22,8,1,0.3181818181818182,0.045454545454545456,0.6068181818181818
miconazole,0.21148036253776434,331,92,5,0.012084592145015106,0.3504531722054381,0.6057401812688822
oxymorphone,0.2097560975609756,41,16,1,0.4146341463414634,0.24390243902439024,0.6048780487804878
protonix,0.20833333333333334,12,3,0,0.08333333333333333,0.0,0.6041666666666666
loperamide,0.20833333333333334,12,4,1,0.0,0.08333333333333333,0.6041666666666666
linzess,0.208,75,28,4,0.013333333333333334,0.22666666666666666,0.604
testosterone,0.20505050505050507,99,38,9,0.20202020202020202,0.30303030303030304,0.6025252525252526
claravis,0.2037037037037037,27,10,4,0.37037037037037035,0.3333333333333333,0.6018518518518519
ketoprofen,0.2,5,1,0,0.0,0.0,0.6
lotrel,0.2,5,1,0,0.4,0.2,0.6
xeljanz,0.2,5,1,0,0.0,0.2,0.6
zithromax,0.2,20,6,1,0.0,0.25,0.6
biotin,0.2,5,1,0,0.2,0.4,0.6
dolophine,0.2,5,1,0,0.2,0.2,0.6
nitroglycerin,0.2,5,1,0,0.2,0.2,0.6
mobic,0.2,21,7,2,0.09523809523809523,0.19047619047619047,0.6
alcaftadine,0.2,5,2,1,0.0,0.2,0.6
tadalafil,0.2,72,22,0,0.4305555555555556,0.3055555555555556,0.6
complera,0.2,10,3,1,0.1,0.5,0.6
vicoprofen,0.2,8,3,0,0.25,0.125,0.6
fanapt,0.2,5,2,1,0.0,0.2,0.6
eucrisa,0.2,5,3,2,0.2,0.4,0.6
trihexyphenidyl,0.2,5,2,1,0.0,0.0,0.6
aczone,0.2,37,11,2,0.16216216216216217,0.3783783783783784,0.6
calcipotriene,0.2,5,1,0,0.0,0.0,0.6
ivermectin,0.2,26,8,2,0.0,0.19230769230769232,0.6
iloperidone,0.2,5,1,0,0.0,0.0,0.6
simply sleep,0.19999999999999998,6,3,1,0.0,0.0,0.6
jalyn,0.2,5,1,0,0.0,0.0,0.6
sodium biphosphate / sodium phosphate,0.2,5,1,0,0.0,0.0,0.6
denavir,0.2,5,1,0,0.0,0.2,0.6
enbrel,0.19743589743589743,39,13,4,0.1282051282051282,0.1282051282051282,0.5987179487179487
cipro,0.1951219512195122,41,12,2,0.0,0.0975609756097561,0.5975609756097561
tapentadol,0.19482758620689655,58,23,4,0.25862068965517243,0.1896551724137931,0.5974137931034482
vesicare,0.19444444444444445,18,6,2,0.16666666666666666,0.1111111111111111,0.5972222222222222
gianvi,0.1925,40,13,4,0.025,0.275,0.59625
tolterodine,0.19230769230769232,13,4,1,0.07692307692307693,0.3076923076923077,0.5961538461538461
hydromorphone,0.1918032786885246,61,21,3,0.11475409836065574,0.13114754098360656,0.5959016393442623
nebivolol,0.19047619047619047,21,8,2,0.14285714285714285,0.47619047619047616,0.5952380952380952
golytely,0.18888888888888888,9,3,0,0.0,0.0,0.5944444444444444
almotriptan,0.1875,8,3,1,0.0,0.0,0.59375
phenelzine,0.1875,8,3,1,0.25,0.125,0.59375
evolocumab,0.1875,16,5,1,0.0,0.25,0.59375
stendra,0.1875,8,2,0,0.25,0.0,0.59375
clomiphene,0.1875,16,4,1,0.25,0.1875,0.59375
viberzi,0.18571428571428572,28,9,1,0.21428571428571427,0.21428571428571427,0.5928571428571429
augmentin,0.18478260869565216,46,17,6,0.0,0.15217391304347827,0.592391304347826
phendimetrazine,0.184,25,9,0,0.12,0.2,0.592
toradol,0.18275862068965518,29,10,0,0.0,0.034482758620689655,0.5913793103448276
treximet,0.1826086956521739,23,9,4,0.043478260869565216,0.08695652173913043,0.591304347826087
loratadine,0.18181818181818182,11,3,1,0.0,0.0,0.5909090909090909
fluoxetine / olanzapine,0.18181818181818182,11,5,3,0.0,0.36363636363636365,0.5909090909090909
irbesartan,0.18181818181818182,11,3,1,0.09090909090909091,0.18181818181818182,0.5909090909090909
ritalin,0.17857142857142858,14,6,1,0.21428571428571427,0.07142857142857142,0.5892857142857143
adderall xr,0.17857142857142858,28,10,2,0.4642857142857143,0.21428571428571427,0.5892857142857143
deplin,0.17777777777777778,9,3,0,0.3333333333333333,0.1111111111111111,0.5888888888888889
cobicistat / elvitegravir / emtricitabine / tenofovir,0.175,20,6,2,0.0,0.2,0.5875
dextroamphetamine,0.17500000000000002,28,8,0,0.2857142857142857,0.10714285714285714,0.5875
jardiance,0.17500000000000002,12,3,0,0.16666666666666666,0.08333333333333333,0.5875
triamcinolone,0.17500000000000002,24,9,4,0.0,0.125,0.5875
nicotrol inhaler,0.17142857142857143,7,3,0,0.0,0.14285714285714285,0.5857142857142857
acanya,0.17142857142857143,7,2,0,0.2857142857142857,0.14285714285714285,0.5857142857142857
cariprazine,0.16923076923076924,13,5,1,0.0,0.46153846153846156,0.5846153846153846
depakote er,0.16875,16,7,3,0.0625,0.0625,0.584375
tegretol,0.16842105263157894,19,6,2,0.05263157894736842,0.10526315789473684,0.5842105263157895
solodyn,0.16818181818181818,22,7,2,0.13636363636363635,0.09090909090909091,0.5840909090909091
phillips' milk of magnesia,0.16666666666666666,24,9,3,0.0,0.20833333333333334,0.5833333333333334
orap,0.16666666666666666,3,1,0,0.0,0.3333333333333333,0.5833333333333334
benadryl allergy,0.16666666666666666,6,2,0,0.0,0.16666666666666666,0.5833333333333334
diovan hct,0.16666666666666666,6,2,1,0.0,0.0,0.5833333333333334
zorvolex,0.16666666666666666,3,1,0,0.3333333333333333,0.0,0.5833333333333334
biaxin,0.16666666666666666,18,7,3,0.05555555555555555,0.05555555555555555,0.5833333333333334
famvir,0.16666666666666666,3,1,0,0.0,0.0,0.5833333333333334
taclonex,0.16666666666666666,6,1,0,0.0,0.0,0.5833333333333334
gavilyte-n,0.16666666666666666,3,1,0,0.0,0.0,0.5833333333333334
kenalog-40,0.16666666666666666,6,1,0,0.0,0.3333333333333333,0.5833333333333334
clomid,0.16666666666666666,9,2,0,0.4444444444444444,0.2222222222222222,0.5833333333333334
furosemide,0.16666666666666666,15,4,1,0.2,0.26666666666666666,0.5833333333333334
isosorbide mononitrate,0.16666666666666666,9,3,1,0.1111111111111111,0.2222222222222222,0.5833333333333334
ponstel,0.16666666666666666,6,2,1,0.0,0.0,0.5833333333333334
lomotil,0.16666666666666666,9,3,0,0.0,0.2222222222222222,0.5833333333333334
carbidopa / levodopa,0.16666666666666666,9,3,0,0.0,0.1111111111111111,0.5833333333333334
metadate cd,0.16666666666666666,3,1,0,0.3333333333333333,0.0,0.5833333333333334
midodrine,0.16666666666666666,6,2,1,0.0,0.3333333333333333,0.5833333333333334
kapidex,0.16666666666666666,6,2,1,0.16666666666666666,0.16666666666666666,0.5833333333333334
warfarin,0.16666666666666666,9,2,0,0.1111111111111111,0.1111111111111111,0.5833333333333334
chlorhexidine,0.16666666666666666,9,3,1,0.0,0.1111111111111111,0.5833333333333334
neurontin,0.16129032258064516,31,11,2,0.03225806451612903,0.16129032258064516,0.5806451612903226
vardenafil,0.16071428571428573,28,7,0,0.35714285714285715,0.32142857142857145,0.5803571428571429
valtrex,0.16,45,13,2,0.08888888888888889,0.1111111111111111,0.58
cialis,0.15774647887323942,71,21,3,0.5070422535211268,0.323943661971831,0.5788732394366197
natalizumab,0.15384615384615385,13,4,2,0.15384615384615385,0.23076923076923078,0.5769230769230769
cetirizine,0.1525,40,13,4,0.1,0.15,0.57625
oxycodone,0.15217391304347827,161,54,5,0.2111801242236025,0.08074534161490683,0.5760869565217391
nefazodone,0.15,10,3,1,0.1,0.0,0.575
xiidra,0.15,24,6,1,0.0,0.20833333333333334,0.575
testim,0.15000000000000002,18,6,1,0.16666666666666666,0.3888888888888889,0.575
zyrtec,0.15,28,8,2,0.03571428571428571,0.17857142857142858,0.575
cephalexin,0.15,40,14,6,0.05,0.1,0.575
elmiron,0.15,10,3,1,0.0,0.0,0.575
betamethasone / calcipotriene,0.14666666666666667,15,3,0,0.0,0.13333333333333333,0.5733333333333334
adalimumab,0.14556962025316456,79,25,7,0.1518987341772152,0.27848101265822783,0.5727848101265822
omeprazole / sodium bicarbonate,0.14285714285714285,7,2,0,0.0,0.14285714285714285,0.5714285714285714
mercaptopurine,0.14285714285714285,7,2,1,0.14285714285714285,0.2857142857142857,0.5714285714285714
rivastigmine,0.14285714285714285,7,1,0,0.14285714285714285,0.0,0.5714285714285714
glucophage,0.14285714285714285,7,1,0,0.0,0.0,0.5714285714285714
alendronate,0.14285714285714285,7,2,1,0.0,0.14285714285714285,0.5714285714285714
cyclobenzaprine,0.14270833333333333,96,29,11,0.15625,0.17708333333333334,0.5713541666666666
codeine / guaifenesin,0.14166666666666666,12,4,0,0.0,0.0,0.5708333333333333
xyrem,0.14166666666666666,12,4,0,0.16666666666666666,0.16666666666666666,0.5708333333333333
chlordiazepoxide / clidinium,0.14166666666666666,12,3,0,0.0,0.08333333333333333,0.5708333333333333
rizatriptan,0.14130434782608695,46,15,6,0.08695652173913043,0.15217391304347827,0.5706521739130435
butrans,0.140625,32,11,2,0.1875,0.21875,0.5703125
esterified estrogens / methyltestosterone,0.13999999999999999,5,2,0,0.2,0.2,0.57
exalgo,0.13999999999999999,5,2,0,0.4,0.0,0.57
ventolin hfa,0.13999999999999999,5,2,0,0.0,0.0,0.57
ultram,0.138,50,19,3,0.12,0.12,0.569
levitra,0.13636363636363635,22,7,2,0.36363636363636365,0.22727272727272727,0.5681818181818181
rapaflo,0.13636363636363635,11,2,0,0.09090909090909091,0.45454545454545453,0.5681818181818181
adderall,0.13421052631578947,76,26,8,0.25,0.32894736842105265,0.5671052631578948
acyclovir,0.13333333333333333,33,9,0,0.06060606060606061,0.18181818181818182,0.5666666666666667
bentyl,0.13333333333333333,15,6,4,0.13333333333333333,0.2,0.5666666666666667
montelukast,0.13220338983050847,59,21,8,0.06779661016949153,0.1864406779661017,0.5661016949152542
jublia,0.132,25,7,0,0.0,0.12,0.5660000000000001
oxymetazoline,0.1318181818181818,22,7,1,0.0,0.22727272727272727,0.5659090909090909
ketorolac,0.13076923076923078,52,17,5,0.057692307692307696,0.1346153846153846,0.5653846153846154
otezla,0.13,40,11,4,0.025,0.225,0.565
ocella,0.12962962962962962,27,10,6,0.07407407407407407,0.48148148148148145,0.5648148148148148
cyclosporine,0.12777777777777777,18,6,1,0.05555555555555555,0.1111111111111111,0.5638888888888889
entresto,0.125,4,1,0,0.0,0.25,0.5625
colcrys,0.125,4,2,1,0.0,0.25,0.5625
zoladex,0.125,8,4,3,0.125,0.5,0.5625
acetaminophen / butalbital,0.125,4,1,0,0.25,0.0,0.5625
tranexamic acid,0.125,20,4,1,0.1,0.2,0.5625
acetaminophen,0.125,8,1,0,0.0,0.0,0.5625
sinemet,0.125,4,1,0,0.0,0.0,0.5625
codeine / promethazine,0.125,8,1,0,0.0,0.125,0.5625
umeclidinium / vilanterol,0.125,4,1,0,0.25,0.25,0.5625
chlor-trimeton,0.125,4,1,0,0.0,0.5,0.5625
saxagliptin,0.125,4,1,0,0.0,0.25,0.5625
desipramine,0.125,8,2,0,0.125,0.125,0.5625
ezetimibe / simvastatin,0.125,4,1,0,0.0,0.0,0.5625
pamelor,0.125,8,2,1,0.125,0.125,0.5625
bromfed dm,0.125,4,1,0,0.0,0.0,0.5625
np thyroid,0.125,4,1,0,0.0,0.0,0.5625
mucinex d,0.12121212121212122,33,11,3,0.06060606060606061,0.24242424242424243,0.5606060606060606
diazepam,0.11971830985915492,71,28,11,0.15492957746478872,0.056338028169014086,0.5598591549295775
atripla,0.11904761904761904,21,5,2,0.0,0.14285714285714285,0.5595238095238095
symbicort,0.11764705882352941,17,6,2,0.0,0.23529411764705882,0.5588235294117647
meclizine,0.11724137931034483,29,11,6,0.10344827586206896,0.1724137931034483,0.5586206896551724
aspirin,0.11666666666666665,6,2,0,0.0,0.0,0.5583333333333333
oracea,0.11666666666666665,6,2,0,0.0,0.3333333333333333,0.5583333333333333
adipex-p,0.11473684210526316,95,28,10,0.09473684210526316,0.37894736842105264,0.5573684210526316
pantoprazole,0.1142857142857143,28,8,2,0.07142857142857142,0.14285714285714285,0.5571428571428572
yasmin,0.114,50,16,9,0.04,0.46,0.557
focalin,0.1111111111111111,9,3,1,0.4444444444444444,0.1111111111111111,0.5555555555555556
tavaborole,0.1111111111111111,9,1,0,0.0,0.2222222222222222,0.5555555555555556
requip,0.1111111111111111,18,4,1,0.05555555555555555,0.05555555555555555,0.5555555555555556
spironolactone,0.1108108108108108,74,24,8,0.4189189189189189,0.4864864864864865,0.5554054054054054
dexamethasone,0.1105263157894737,19,6,2,0.05263157894736842,0.10526315789473684,0.5552631578947369
imitrex,0.109375,32,11,6,0.21875,0.25,0.5546875
aftera,0.10909090909090909,11,4,2,0.09090909090909091,0.36363636363636365,0.5545454545454546
onabotulinumtoxina,0.10888888888888888,45,11,0,0.06666666666666667,0.2222222222222222,0.5544444444444444
nicotine,0.10800000000000001,25,9,0,0.12,0.12,0.554
seroquel xr,0.10800000000000001,25,8,4,0.24,0.2,0.554
"insulin inhalation, rapid acting",0.10714285714285714,14,2,0,0.0,0.0,0.5535714285714286
acetaminophen / butalbital / caffeine,0.10652173913043479,46,13,1,0.10869565217391304,0.17391304347826086,0.5532608695652174
doxycycline,0.10631067961165049,206,65,31,0.1941747572815534,0.3300970873786408,0.5531553398058252
cefuroxime,0.10625,16,5,1,0.0625,0.125,0.553125
omalizumab,0.10555555555555556,18,4,0,0.1111111111111111,0.2222222222222222,0.5527777777777778
liletta,0.10526315789473684,57,14,8,0.05263157894736842,0.45614035087719296,0.5526315789473684
etanercept,0.10454545454545454,44,14,5,0.11363636363636363,0.22727272727272727,0.5522727272727272
dexlansoprazole,0.1032258064516129,31,11,6,0.06451612903225806,0.06451612903225806,0.5516129032258065
clarifoam ef,0.09999999999999998,2,1,0,0.0,0.0,0.55
phenobarbital,0.1,5,1,0,0.0,0.0,0.55
benzoyl peroxide / erythromycin,0.1,5,1,0,0.2,0.4,0.55
naratriptan,0.1,5,2,1,0.0,0.2,0.55
natroba,0.09999999999999998,2,1,0,0.0,0.0,0.55
pyridium,0.1,5,1,0,0.0,0.0,0.55
dilaudid-hp,0.09999999999999998,2,1,0,0.0,0.0,0.55
acetaminophen / caffeine / dihydrocodeine,0.09999999999999998,2,1,0,0.0,0.0,0.55
mucinex d maximum strength,0.1,5,2,1,0.0,0.2,0.55
zomig,0.09999999999999999,12,4,1,0.0,0.08333333333333333,0.55
afrin,0.1,11,2,0,0.0,0.18181818181818182,0.55
zoledronic acid,0.1,15,4,2,0.0,0.13333333333333333,0.55
tylenol with codeine #4,0.09999999999999998,2,1,0,0.5,0.5,0.55
aricept,0.1,5,1,0,0.0,0.2,0.55
vascepa,0.1,5,1,0,0.0,0.2,0.55
robaxin-750,0.09999999999999998,2,1,0,0.5,0.0,0.55
lithium,0.09705882352941175,68,23,12,0.058823529411764705,0.16176470588235295,0.5485294117647059
diltiazem,0.09523809523809523,21,7,3,0.19047619047619047,0.19047619047619047,0.5476190476190477
fingolimod,0.09444444444444444,18,6,3,0.0,0.16666666666666666,0.5472222222222223
cholestyramine,0.09375,16,5,2,0.0,0.1875,0.546875
paragard,0.09349593495934959,123,26,13,0.10569105691056911,0.4065040650406504,0.5467479674796748
leflunomide,0.09090909090909091,11,1,0,0.2727272727272727,0.2727272727272727,0.5454545454545454
pentasa,0.09090909090909091,11,3,2,0.36363636363636365,0.2727272727272727,0.5454545454545454
multivitamin,0.09090909090909091,11,2,1,0.18181818181818182,0.09090909090909091,0.5454545454545454
lipitor,0.09090909090909091,11,4,2,0.09090909090909091,0.18181818181818182,0.5454545454545454
imiquimod,0.0896551724137931,58,13,6,0.05172413793103448,0.3620689655172414,0.5448275862068965
tizanidine,0.08888888888888889,36,12,7,0.027777777777777776,0.1388888888888889,0.5444444444444444
invokana,0.08857142857142856,35,8,2,0.17142857142857143,0.11428571428571428,0.5442857142857143
microgestin 1 / 20,0.08823529411764706,17,5,3,0.0,0.35294117647058826,0.5441176470588235
flexeril,0.08709677419354839,31,9,3,0.1935483870967742,0.06451612903225806,0.5435483870967742
naproxen / sumatriptan,0.08695652173913043,23,7,4,0.043478260869565216,0.043478260869565216,0.5434782608695652
phentermine,0.08542600896860987,446,114,48,0.14349775784753363,0.4147982062780269,0.5427130044843049
kyleena,0.08409090909090909,44,11,6,0.022727272727272728,0.4318181818181818,0.5420454545454545
orphenadrine,0.08333333333333333,12,3,2,0.16666666666666666,0.08333333333333333,0.5416666666666666
vancomycin,0.08333333333333333,6,1,0,0.0,0.16666666666666666,0.5416666666666666
jolivette,0.08333333333333333,18,4,2,0.0,0.5,0.5416666666666666
chlorpromazine,0.08333333333333333,6,2,1,0.0,0.16666666666666666,0.5416666666666666
ciclesonide,0.08333333333333333,6,1,0,0.0,0.0,0.5416666666666666
elocon,0.08333333333333333,12,2,1,0.08333333333333333,0.25,0.5416666666666666
mefenamic acid,0.08333333333333333,6,2,1,0.0,0.16666666666666666,0.5416666666666666
diphenhydramine / naproxen,0.08333333333333333,6,2,1,0.0,0.0,0.5416666666666666
ceftin,0.08333333333333333,6,2,1,0.0,0.16666666666666666,0.5416666666666666
asenapine,0.07906976744186046,43,16,9,0.11627906976744186,0.32558139534883723,0.5395348837209303
relistor,0.07777777777777778,9,2,0,0.5555555555555556,0.1111111111111111,0.5388888888888889
welchol,0.07777777777777778,9,2,0,0.0,0.0,0.5388888888888889
mycophenolate mofetil,0.07777777777777778,9,2,0,0.0,0.2222222222222222,0.5388888888888889
atropine / diphenoxylate,0.07777777777777778,9,3,1,0.0,0.3333333333333333,0.5388888888888889
oxycontin,0.07735849056603773,53,14,2,0.41509433962264153,0.1509433962264151,0.5386792452830189
rexulti,0.07692307692307693,13,4,3,0.0,0.3076923076923077,0.5384615384615384
dienogest / estradiol,0.07692307692307693,13,2,1,0.07692307692307693,0.15384615384615385,0.5384615384615384
lurasidone,0.07692307692307693,104,36,20,0.34615384615384615,0.3173076923076923,0.5384615384615384
modafinil,0.07586206896551725,58,19,10,0.13793103448275862,0.1896551724137931,0.5379310344827586
relpax,0.075,16,6,4,0.1875,0.125,0.5375
dexmethylphenidate,0.075,20,6,3,0.25,0.4,0.5375
provigil,0.07391304347826087,23,6,1,0.2608695652173913,0.21739130434782608,0.5369565217391304
diethylpropion,0.07307692307692307,26,8,2,0.3076923076923077,0.2692307692307692,0.5365384615384615
dupilumab,0.07142857142857142,7,2,0,0.42857142857142855,0.2857142857142857,0.5357142857142857
hydroxyprogesterone,0.07142857142857142,14,1,0,0.0,0.42857142857142855,0.5357142857142857
senna,0.07142857142857142,7,3,2,0.0,0.2857142857142857,0.5357142857142857
daytrana,0.07142857142857142,14,3,1,0.2857142857142857,0.21428571428571427,0.5357142857142857
tramadol,0.07087719298245614,285,97,17,0.20701754385964913,0.14736842105263157,0.535438596491228
avinza,0.06999999999999999,10,4,1,0.2,0.1,0.535
pramipexole,0.06875,32,10,5,0.0,0.1875,0.534375
intuniv,0.06875,16,7,4,0.1875,0.125,0.534375
fentanyl,0.06835443037974684,79,24,3,0.27848101265822783,0.20253164556962025,0.5341772151898734
vaniqa,0.06666666666666667,15,1,0,0.0,0.26666666666666666,0.5333333333333333
levsin sl,0.06666666666666665,3,1,0,0.0,0.3333333333333333,0.5333333333333333
albuterol / ipratropium,0.06666666666666665,3,1,0,0.0,0.0,0.5333333333333333
exforge hct,0.06666666666666665,3,1,0,0.0,0.0,0.5333333333333333
zovirax cream,0.06666666666666665,3,1,0,0.0,0.0,0.5333333333333333
silenor,0.06499999999999999,20,7,4,0.0,0.1,0.5325
ezetimibe,0.0625,8,1,0,0.25,0.125,0.53125
ashlyna,0.0625,8,2,1,0.0,0.25,0.53125
phenytoin,0.0625,8,1,0,0.375,0.25,0.53125
ketamine,0.0625,8,2,1,0.0,0.125,0.53125
cimzia,0.0625,8,3,1,0.0,0.0,0.53125
tofacitinib,0.06,10,3,1,0.1,0.2,0.53
tysabri,0.058823529411764705,17,3,2,0.17647058823529413,0.23529411764705882,0.5294117647058824
imuran,0.05833333333333333,12,3,1,0.0,0.08333333333333333,0.5291666666666667
remicade,0.057692307692307696,26,8,5,0.038461538461538464,0.19230769230769232,0.5288461538461539
skyla,0.05761904761904762,210,38,20,0.1,0.42857142857142855,0.5288095238095238
restoril,0.05714285714285714,21,7,4,0.2857142857142857,0.09523809523809523,0.5285714285714286
asacol,0.05555555555555555,9,2,1,0.0,0.2222222222222222,0.5277777777777778
plavix,0.05555555555555555,9,1,0,0.2222222222222222,0.1111111111111111,0.5277777777777778
kariva,0.05555555555555555,18,5,4,0.05555555555555555,0.2222222222222222,0.5277777777777778
cosentyx,0.05555555555555555,9,2,1,0.0,0.0,0.5277777777777778
amoxicillin,0.05172413793103448,29,6,3,0.0,0.13793103448275862,0.5258620689655172
azathioprine,0.05,20,5,4,0.05,0.1,0.525
lysteda,0.05,10,2,1,0.1,0.3,0.525
secobarbital,0.04999999999999999,2,1,0,0.0,0.0,0.525
penciclovir,0.04999999999999999,4,1,0,0.0,0.0,0.525
lactulose,0.049999999999999996,14,2,0,0.14285714285714285,0.07142857142857142,0.525
asacol hd,0.04999999999999999,4,2,1,0.0,0.0,0.525
butorphanol,0.049999999999999996,14,5,3,0.07142857142857142,0.14285714285714285,0.525
pazopanib,0.05,10,3,2,0.0,0.1,0.525
naloxone / pentazocine,0.04999999999999999,2,1,0,0.0,0.0,0.525
rosuvastatin,0.047619047619047616,21,5,2,0.19047619047619047,0.19047619047619047,0.5238095238095238
copper,0.04596273291925466,161,33,24,0.06832298136645963,0.34782608695652173,0.5229813664596273
fastin,0.045454545454545456,11,2,1,0.0,0.2727272727272727,0.5227272727272727
pradaxa,0.045454545454545456,11,2,1,0.0,0.09090909090909091,0.5227272727272727
dimenhydrinate,0.045454545454545456,11,5,4,0.09090909090909091,0.18181818181818182,0.5227272727272727
dulera,0.041666666666666664,12,3,1,0.08333333333333333,0.08333333333333333,0.5208333333333334
metformin,0.04029850746268657,67,17,11,0.08955223880597014,0.208955223880597,0.5201492537313432
gabapentin enacarbil,0.039999999999999994,5,1,0,0.0,0.0,0.52
omnicef,0.039999999999999994,10,4,2,0.0,0.1,0.52
elidel,0.039999999999999994,5,1,0,0.2,0.2,0.52
methylphenidate,0.0396694214876033,121,34,12,0.4132231404958678,0.2892561983471074,0.5198347107438016
lisdexamfetamine,0.03925925925925926,135,40,17,0.3851851851851852,0.37037037037037035,0.5196296296296297
lamisil,0.03888888888888889,18,4,2,0.05555555555555555,0.1111111111111111,0.5194444444444445
golimumab,0.03846153846153845,13,4,0,0.15384615384615385,0.23076923076923078,0.5192307692307693
norvasc,0.038461538461538464,13,2,1,0.46153846153846156,0.15384615384615385,0.5192307692307693
polyethylene glycol 3350 with electrolytes,0.03802816901408451,71,14,5,0.014084507042253521,0.23943661971830985,0.5190140845070422
ustekinumab,0.0375,24,6,2,0.2916666666666667,0.2916666666666667,0.51875
valacyclovir,0.035416666666666666,48,13,5,0.08333333333333333,0.20833333333333334,0.5177083333333333
wellbutrin,0.034482758620689655,87,28,18,0.10344827586206896,0.3103448275862069,0.5172413793103449
diphenhydramine,0.03333333333333333,36,9,5,0.1388888888888889,0.08333333333333333,0.5166666666666667
glipizide,0.033333333333333326,6,1,0,0.0,0.0,0.5166666666666666
sutent,0.033333333333333326,3,1,0,0.6666666666666666,0.6666666666666666,0.5166666666666666
prednisone,0.03265306122448979,98,30,17,0.21428571428571427,0.21428571428571427,0.5163265306122449
dulcolax,0.03225806451612903,93,25,21,0.03225806451612903,0.3548387096774194,0.5161290322580645
focalin xr,0.028571428571428564,7,1,0,0.2857142857142857,0.2857142857142857,0.5142857142857142
dexilant,0.028571428571428574,28,9,5,0.17857142857142858,0.14285714285714285,0.5142857142857142
clindamycin,0.027884615384615383,104,23,9,0.028846153846153848,0.2403846153846154,0.5139423076923076
maxalt-mlt,0.027777777777777776,18,6,4,0.05555555555555555,0.16666666666666666,0.5138888888888888
disulfiram,0.02727272727272728,11,3,1,0.09090909090909091,0.2727272727272727,0.5136363636363637
concerta,0.024999999999999998,60,15,6,0.4166666666666667,0.35,0.5125
methylin,0.024999999999999994,4,1,0,0.25,0.25,0.5125
avanafil,0.024999999999999994,8,2,0,0.25,0.0,0.5125
mirvaso,0.025,20,4,1,0.1,0.25,0.5125
xanax xr,0.024999999999999994,8,3,1,0.125,0.125,0.5125
nivolumab,0.024999999999999994,8,2,1,0.0,0.25,0.5125
brimonidine,0.024000000000000004,25,4,2,0.0,0.16,0.512
sumatriptan,0.02361111111111111,72,21,12,0.08333333333333333,0.19444444444444445,0.5118055555555555
bystolic,0.02258064516129032,31,8,5,0.2903225806451613,0.41935483870967744,0.5112903225806451
interferon beta-1a,0.022222222222222216,9,3,2,0.1111111111111111,0.2222222222222222,0.5111111111111111
alprostadil,0.022222222222222216,18,4,0,0.16666666666666666,0.2222222222222222,0.5111111111111111
acetazolamide,0.019999999999999997,20,6,3,0.05,0.2,0.51
primidone,0.019999999999999997,10,4,2,0.4,0.2,0.51
opium,0.019999999999999997,5,1,0,0.4,0.4,0.51
copaxone,0.02,25,5,4,0.12,0.16,0.51
sodium oxybate,0.019999999999999987,15,5,2,0.2,0.13333333333333333,0.51
diflucan,0.018181818181818177,11,3,0,0.0,0.18181818181818182,0.509090909090909
plan b,0.018012422360248442,161,44,34,0.037267080745341616,0.2795031055900621,0.5090062111801242
levomilnacipran,0.017857142857142853,28,8,4,0.17857142857142858,0.35714285714285715,0.5089285714285714
farxiga,0.016666666666666663,12,1,0,0.0,0.25,0.5083333333333333
makena,0.016666666666666663,12,2,1,0.0,0.5,0.5083333333333333
dilaudid,0.016666666666666663,48,12,4,0.020833333333333332,0.10416666666666667,0.5083333333333333
risperidone,0.016417910447761194,67,21,12,0.04477611940298507,0.16417910447761194,0.5082089552238805
viorele,0.0142857142857143,7,3,2,0.0,0.2857142857142857,0.5071428571428571
methocarbamol,0.013157894736842111,38,11,5,0.05263157894736842,0.23684210526315788,0.506578947368421
oxybutynin,0.012244897959183668,49,11,4,0.10204081632653061,0.1836734693877551,0.5061224489795918
tamsulosin,0.010638297872340425,47,10,7,0.06382978723404255,0.06382978723404255,0.5053191489361702
olmesartan,0.009523809523809521,21,3,1,0.2857142857142857,0.2857142857142857,0.5047619047619047
premarin,0.009090909090909089,11,2,0,0.18181818181818182,0.18181818181818182,0.5045454545454545
diclofenac / misoprostol,0.008333333333333331,12,3,1,0.25,0.0,0.5041666666666667
propofol,0.007462686567164179,67,11,10,0.08955223880597014,0.208955223880597,0.503731343283582
hydrochlorothiazide,0.007407407407407406,27,7,4,0.14814814814814814,0.14814814814814814,0.5037037037037037
polyethylene glycol 3350,0.006249999999999999,32,9,4,0.0625,0.0625,0.503125
spiriva,0.005882352941176463,17,3,0,0.0,0.11764705882352941,0.5029411764705882
reglan,0.00588235294117647,34,10,9,0.08823529411764706,0.20588235294117646,0.5029411764705882
amitiza,0.002941176470588238,34,11,9,0.17647058823529413,0.20588235294117646,0.5014705882352941
apri,0.0017543859649122823,57,15,14,0.017543859649122806,0.45614035087719296,0.5008771929824561
gatifloxacin,0.0,1,0,0,0.0,0.0,0.5
tinzaparin,0.0,1,0,0,0.0,0.0,0.5
tobradex,0.0,2,0,0,0.0,0.0,0.5
tobramycin,0.0,2,0,0,0.0,0.0,0.5
tolnaftate,0.0,1,0,0,0.0,0.0,0.5
topicort,0.0,1,0,0,0.0,0.0,0.5
deltasone,0.0,1,0,0,1.0,0.0,0.5
demadex,0.0,1,0,0,0.0,1.0,0.5
deoxycholic acid,0.0,2,0,0,0.0,0.5,0.5
ertaczo,0.0,1,0,0,0.0,0.0,0.5
vanoxide-hc,0.0,1,0,0,0.0,0.0,0.5
vantin,0.0,1,0,0,0.0,0.0,0.5
aerobid,0.0,1,0,0,0.0,0.0,0.5
afrin 4 hour extra moisturizing,0.0,1,0,0,0.0,0.0,0.5
thorazine,0.0,4,0,0,0.0,0.5,0.5
tiagabine,0.0,1,0,0,0.0,0.0,0.5
ticagrelor,0.0,4,0,0,0.0,0.25,0.5
timolol,0.0,2,0,0,0.0,0.0,0.5
gelnique,0.0,1,0,0,0.0,0.0,0.5
gentamicin,0.0,1,0,0,0.0,0.0,0.5
gentian violet,0.0,1,0,0,0.0,0.0,0.5
fortesta,0.0,6,1,0,0.3333333333333333,0.5,0.5
fosinopril,0.0,1,0,0,0.0,0.0,0.5
gabarone,0.0,1,0,0,0.0,0.0,0.5
albiglutide,0.0,1,0,0,0.0,0.0,0.5
aldesleukin,0.0,1,0,0,0.0,0.0,0.5
colyte,0.0,1,0,0,0.0,0.0,0.5
ginseng,0.0,1,0,0,0.0,1.0,0.5
glimepiride,0.0,4,0,0,0.0,0.0,0.5
glimepiride / rosiglitazone,0.0,1,0,0,0.0,0.0,0.5
tenormin,0.0,6,1,1,0.3333333333333333,0.16666666666666666,0.5
terazosin,0.0,4,1,1,0.0,0.0,0.5
terbutaline,0.0,2,0,0,0.0,0.0,0.5
tessalon,0.0,3,0,0,0.0,0.3333333333333333,0.5
testopel,0.0,3,1,1,0.3333333333333333,0.0,0.5
tetrahydrozoline / zinc sulfate,0.0,2,0,0,0.0,0.5,0.5
tev-tropin,0.0,1,0,0,0.0,0.0,0.5
eplerenone,0.0,2,1,1,0.0,0.0,0.5
eptifibatide,0.0,1,0,0,0.0,0.0,0.5
equetro,0.0,2,0,0,0.0,0.0,0.5
vibramycin,0.0,2,0,0,0.0,0.0,0.5
vicks sinex 12-hour decongestant nasal spray,0.0,1,0,0,0.0,0.0,0.5
vicks sinex nasal spray (old formulation),0.0,2,0,0,0.0,0.0,0.5
vigamox,0.0,2,0,0,0.0,0.0,0.5
glucophage xr,0.0,1,0,0,0.0,0.0,0.5
glucose,0.0,1,0,0,0.0,0.0,0.5
glucotrol,0.0,1,0,0,0.0,0.0,0.5
gold sodium thiomalate,0.0,1,0,0,0.0,0.0,0.5
gonal-f,0.0,1,0,0,0.0,0.0,0.5
granulex,0.0,1,0,0,0.0,0.0,0.5
griseofulvin,0.0,1,0,0,0.0,0.0,0.5
guaifenesin / hydrocodone,0.0,1,0,0,0.0,0.0,0.5
cobicistat / elvitegravir / emtricitabine / tenofovir alafenamide,0.0,12,2,2,0.08333333333333333,0.25,0.5
cogentin,0.0,3,0,0,0.0,0.0,0.5
colace,0.0,1,0,0,0.0,0.0,0.5
guarana,0.0,1,0,0,0.0,0.0,0.5
gynazole-1,0.0,1,0,0,0.0,1.0,0.5
habitrol,0.0,1,0,0,0.0,0.0,0.5
halofantrine,0.0,1,0,0,0.0,0.0,0.5
glipizide xl,0.0,1,0,0,0.0,1.0,0.5
dermatop,0.0,1,0,0,0.0,0.0,0.5
desloratadine,0.0,4,1,1,0.0,0.0,0.5
desmopressin,0.0,8,0,0,0.0,0.0,0.5
desoximetasone,0.0,2,0,0,0.0,0.0,0.5
desquam-x wash,0.0,1,0,0,0.0,0.0,0.5
eovist,0.0,1,0,0,0.0,0.0,0.5
humalog kwikpen,0.0,2,0,0,0.0,0.0,0.5
humulin n,0.0,1,0,0,0.0,0.0,0.5
tarina fe 1 / 20,0.0,4,0,0,0.0,0.25,0.5
tasigna,0.0,2,1,1,0.0,0.5,0.5
taxol,0.0,1,0,0,0.0,1.0,0.5
taxotere,0.0,2,0,0,0.0,0.0,0.5
tazorac,0.0,3,0,0,0.0,0.3333333333333333,0.5
tears again,0.0,2,0,0,0.0,0.0,0.5
tecfidera,0.0,5,1,1,0.2,0.0,0.5
tegaserod,0.0,6,2,2,0.16666666666666666,0.0,0.5
alavert d-12 hour allergy and sinus,0.0,1,0,0,0.0,0.0,0.5
albendazole,0.0,1,0,0,0.0,0.0,0.5
coagulation factor ix,0.0,1,0,0,0.0,0.0,0.5
hylenex,0.0,1,0,0,0.0,0.0,0.5
hydrochlorothiazide / irbesartan,0.0,1,0,0,0.0,0.0,0.5
hydrochlorothiazide / valsartan,0.0,2,0,0,0.0,0.0,0.5
hydrocodone / pseudoephedrine,0.0,1,0,0,0.0,0.0,0.5
hydrocortisone / pramoxine,0.0,5,1,0,0.0,0.0,0.5
hydroquinone,0.0,1,0,0,1.0,0.0,0.5
hydroxocobalamin,0.0,1,0,0,0.0,0.0,0.5
clindamax,0.0,1,0,0,0.0,0.0,0.5
clobazam,0.0,2,0,0,0.0,0.0,0.5
systane,0.0,2,0,0,0.0,0.0,0.5
systane ultra,0.0,1,0,0,0.0,0.0,0.5
taclonex scalp,0.0,2,0,0,0.0,0.0,0.5
take action,0.0,3,1,1,0.0,0.3333333333333333,0.5
taltz,0.0,3,1,0,0.0,0.6666666666666666,0.5
talwin nx,0.0,2,1,1,0.0,0.0,0.5
sudafed pe congestion,0.0,1,0,0,0.0,0.0,0.5
sulfacetamide sodium,0.0,3,1,0,0.0,0.0,0.5
sulfasalazine,0.0,11,1,1,0.09090909090909091,0.0,0.5
sulfazine,0.0,2,0,0,0.0,0.0,0.5
sulindac,0.0,2,0,0,0.0,0.0,0.5
supprelin la,0.0,1,0,0,0.0,0.0,0.5
suprax,0.0,1,0,0,0.0,0.0,0.5
sustiva,0.0,2,1,1,0.0,0.0,0.5
symlin,0.0,1,0,0,0.0,0.0,0.5
clocortolone,0.0,2,0,0,0.0,0.0,0.5
cloderm,0.0,2,0,0,0.0,0.0,0.5
hydroxyamphetamine / tropicamide,0.0,1,0,0,0.0,0.0,0.5
claritin,0.0,1,0,0,0.0,0.0,0.5
clear eyes contact lens multi-action relief,0.0,1,0,0,0.0,0.0,0.5
incruse ellipta,0.0,1,0,0,0.0,0.0,0.5
sterapred ds,0.0,1,0,0,0.0,0.0,0.5
stribild,0.0,11,1,1,0.0,0.5454545454545454,0.5
alka-seltzer plus cold,0.0,1,0,0,0.0,0.0,0.5
allegra allergy,0.0,1,0,0,0.0,0.0,0.5
striverdi respimat,0.0,1,0,0,0.0,0.0,0.5
sucralfate,0.0,10,2,2,0.0,0.0,0.5
sucroferric oxyhydroxide,0.0,1,0,0,0.0,0.0,0.5
ibuprofen / pseudoephedrine,0.0,1,0,0,0.0,0.0,0.5
ilevro,0.0,1,0,0,0.0,0.0,0.5
imitrex statdose,0.0,2,1,1,0.0,0.0,0.5
insulin regular,0.0,1,0,0,0.0,1.0,0.5
intal,0.0,2,0,0,0.0,0.5,0.5
intelence,0.0,2,0,0,0.0,0.0,0.5
interferon alfa-2b,0.0,1,0,0,0.0,0.0,0.5
interferon beta-1b,0.0,1,0,0,0.0,1.0,0.5
altace,0.0,2,0,0,0.5,0.0,0.5
alvesco,0.0,2,0,0,0.0,0.0,0.5
sprycel,0.0,4,1,0,0.75,0.25,0.5
st. john's wort,0.0,7,2,2,0.14285714285714285,0.2857142857142857,0.5
stadol,0.0,7,3,3,0.0,0.0,0.5
stelazine,0.0,1,0,0,0.0,0.0,0.5
sterapred,0.0,1,0,0,0.0,0.0,0.5
clarinex,0.0,2,1,1,0.0,0.5,0.5
empagliflozin,0.0,12,2,1,0.16666666666666666,0.08333333333333333,0.5
enfuvirtide,0.0,1,0,0,0.0,0.0,0.5
entacapone,0.0,3,1,1,0.0,0.0,0.5
enteragam,0.0,1,0,0,0.0,0.0,0.5
depo-provera contraceptive,0.0,2,0,0,0.0,0.0,0.5
dexamethasone / neomycin / polymyxin b,0.0,1,0,0,0.0,1.0,0.5
spiriva respimat,0.0,1,0,0,0.0,0.0,0.5
alpha 1-proteinase inhibitor,0.0,1,0,0,0.0,0.0,0.5
indocin,0.0,1,0,0,0.0,0.0,0.5
"influenza virus vaccine, live, trivalent",0.0,1,0,0,0.0,0.0,0.5
insulin aspart / insulin degludec,0.0,1,0,0,0.0,0.0,0.5
insulin isophane / insulin regular,0.0,1,0,0,0.0,0.0,0.5
choline salicylate / magnesium salicylate,0.0,1,0,0,0.0,0.0,0.5
chromium picolinate,0.0,2,0,0,0.0,0.0,0.5
soma compound with codeine,0.0,1,0,0,0.0,1.0,0.5
sominex,0.0,2,0,0,0.0,0.0,0.5
sorafenib,0.0,1,0,0,0.0,0.0,0.5
sorbitol,0.0,1,0,0,0.0,0.0,0.5
sotret,0.0,1,0,0,0.0,0.0,0.5
spinosad,0.0,1,0,0,0.0,1.0,0.5
visine totality multi-symptom relief,0.0,2,0,0,0.0,0.5,0.5
visine-a,0.0,1,0,0,0.0,0.0,0.5
visrx dose pack,0.0,1,0,0,0.0,0.0,0.5
vitamin b2,0.0,1,0,0,0.0,0.0,0.5
vytorin,0.0,1,0,0,1.0,0.0,0.5
sleep aid,0.0,2,1,1,0.0,0.5,0.5
sofosbuvir,0.0,13,2,1,0.07692307692307693,0.3076923076923077,0.5
solarcaine burn relief,0.0,1,0,0,0.0,0.0,0.5
cimetidine,0.0,1,0,0,0.0,0.0,0.5
ciprodex,0.0,3,0,0,0.0,0.6666666666666666,0.5
jakafi,0.0,1,0,0,0.0,0.0,0.5
iron sucrose,0.0,1,0,0,0.0,0.0,0.5
isentress,0.0,2,1,1,0.0,0.0,0.5
isoniazid,0.0,1,0,0,1.0,1.0,0.5
xalatan,0.0,3,0,0,0.0,0.3333333333333333,0.5
SITAGLIPTIN AND METFORMIN HYDROCHLORIDE,0.0,2,0,0,0.0,1.0,0.5
jentadueto,0.0,2,0,0,0.0,0.0,0.5
junel 1 / 20,0.0,1,0,0,0.0,0.0,0.5
kalbitor,0.0,1,0,0,0.0,0.0,0.5
kaletra,0.0,1,0,0,0.0,0.0,0.5
kapvay,0.0,2,1,1,0.0,0.0,0.5
sitavig,0.0,2,0,0,0.0,0.0,0.5
chlorpheniramine / dextromethorphan,0.0,1,0,0,0.0,0.0,0.5
chlorpheniramine / hydrocodone / phenylephrine,0.0,1,0,0,0.0,0.0,0.5
chlorpheniramine / phenylephrine,0.0,4,0,0,0.0,0.25,0.5
keppra xr,0.0,1,0,0,0.0,0.0,0.5
kerafoam,0.0,1,0,0,0.0,0.0,0.5
jencycla,0.0,1,0,0,0.0,1.0,0.5
dextromethorphan / guaifenesin,0.0,1,0,0,0.0,0.0,0.5
dextromethorphan / guaifenesin / phenylephrine,0.0,1,0,0,0.0,1.0,0.5
dextromethorphan / guaifenesin / pseudoephedrine,0.0,1,0,0,0.0,0.0,0.5
eldepryl,0.0,1,0,0,0.0,0.0,0.5
elestrin,0.0,1,0,0,0.0,0.0,0.5
lac-hydrin,0.0,1,0,0,0.0,0.0,0.5
lactaid ultra,0.0,1,0,0,0.0,0.0,0.5
lactase,0.0,1,0,0,0.0,0.0,0.5
lactic acid,0.0,1,0,0,0.0,0.0,0.5
cervidil,0.0,1,0,0,0.0,0.0,0.5
amethia lo,0.0,1,0,0,0.0,1.0,0.5
amikacin,0.0,1,0,0,0.0,0.0,0.5
amitriptyline / chlordiazepoxide,0.0,1,0,0,0.0,0.0,0.5
amlodipine / atorvastatin,0.0,2,0,0,0.0,0.0,0.5
amlodipine / benazepril,0.0,5,2,2,0.2,0.4,0.5
sipuleucel-t,0.0,1,0,0,0.0,0.0,0.5
simbrinza,0.0,2,0,0,0.0,0.0,0.5
simcor,0.0,3,0,0,0.0,0.0,0.5
simethicone,0.0,3,0,0,0.0,0.0,0.5
ambrisentan,0.0,5,1,0,0.4,0.0,0.5
cetuximab,0.0,1,0,0,0.0,0.0,0.5
children's claritin allergy,0.0,1,0,0,0.0,0.0,0.5
chlorambucil,0.0,1,0,0,0.0,0.0,0.5
lamisil at,0.0,2,1,1,0.0,0.0,0.5
lariam,0.0,1,0,0,0.0,0.0,0.5
larin fe 1 / 20,0.0,5,1,1,0.2,0.2,0.5
larin fe 1.5 / 30,0.0,1,0,0,0.0,0.0,0.5
latanoprost,0.0,2,0,0,0.0,0.0,0.5
latisse,0.0,1,0,0,0.0,0.0,0.5
klor-con,0.0,1,0,0,0.0,1.0,0.5
konsyl,0.0,1,0,0,0.0,0.0,0.5
cellcept,0.0,7,1,0,0.0,0.0,0.5
levophed,0.0,1,0,0,0.0,0.0,0.5
lemtrada,0.0,1,0,0,0.0,0.0,0.5
lenalidomide,0.0,3,0,0,0.0,0.0,0.5
letairis,0.0,1,0,0,0.0,0.0,0.5
levacet,0.0,1,0,0,0.0,1.0,0.5
serostim,0.0,1,0,0,0.0,0.0,0.5
chorionic gonadotropin (hcg),0.0,4,0,0,0.0,0.0,0.5
silver,0.0,2,0,0,0.0,0.0,0.5
silver nitrate,0.0,1,0,0,0.0,0.0,0.5
egrifta,0.0,1,0,0,0.0,0.0,0.5
zioptan,0.0,3,0,0,0.0,0.0,0.5
VENLAFAXINE HYDROCHLORIDE,0.0,1,0,0,0.0,1.0,0.5
ZIPRASIDONE HYDROCHLORIDE,0.0,2,0,0,0.0,1.0,0.5
abacavir / lamivudine,0.0,3,1,1,0.0,0.0,0.5
abilify discmelt,0.0,1,0,0,0.0,0.0,0.5
abiraterone,0.0,3,0,0,0.0,0.3333333333333333,0.5
zinc oxide,0.0,2,0,0,0.0,0.0,0.5
selsun blue,0.0,1,0,0,0.0,0.0,0.5
BELIMUMAB,0.0,1,0,0,0.0,1.0,0.5
senna plus,0.0,1,0,0,0.0,0.0,0.5
senokot,0.0,6,1,1,0.0,0.5,0.5
septra,0.0,2,0,0,0.0,0.0,0.5
serax,0.0,2,1,1,0.5,0.0,0.5
cefepime,0.0,1,0,0,0.0,0.0,0.5
ceftibuten,0.0,1,0,0,0.0,0.0,0.5
sansert,0.0,1,0,0,0.0,0.0,0.5
levoxyl,0.0,7,1,1,0.14285714285714285,0.42857142857142855,0.5
osphena,0.0,3,1,1,0.3333333333333333,0.3333333333333333,0.5
lidocaine viscous,0.0,1,0,0,0.0,0.0,0.5
oxaprozin,0.0,1,0,0,1.0,0.0,0.5
limbitrol ds,0.0,1,0,0,0.0,0.0,0.5
limbrel,0.0,1,0,0,0.0,0.0,0.5
panlor dc,0.0,1,0,0,0.0,0.0,0.5
SOMATROPIN,0.0,1,0,0,0.0,1.0,0.5
TIOTROPIUM BROMIDE,0.0,2,0,0,0.0,1.0,0.5
TOFACITINIB,0.0,1,0,0,0.0,1.0,0.5
TRAMADOL HYDROCHLORIDE,0.0,1,0,0,0.0,1.0,0.5
Unknown,0.0,17,0,0,0.0,0.9411764705882353,0.5
edecrin,0.0,1,0,0,0.0,0.0,0.5
edoxaban,0.0,1,0,0,0.0,0.0,0.5
efavirenz,0.0,1,0,0,0.0,1.0,0.5
rythmol,0.0,1,0,0,0.0,0.0,0.5
rythmol sr,0.0,1,0,0,0.0,0.0,0.5
salicylic acid,0.0,2,1,1,0.0,0.5,0.5
bacitracin / polymyxin b,0.0,1,0,0,0.0,0.0,0.5
balsam peru / castor oil / trypsin,0.0,1,0,0,0.0,0.0,0.5
panlor ss,0.0,2,0,0,0.0,0.0,0.5
livalo,0.0,5,0,0,0.2,0.0,0.5
loestrin 21 1 / 20,0.0,4,1,1,0.0,0.5,0.5
carboplatin,0.0,1,0,0,0.0,0.0,0.5
amlodipine / telmisartan,0.0,2,0,0,0.0,0.0,0.5
ammonium lactate / halobetasol,0.0,1,0,0,0.0,0.0,0.5
amnesteem,0.0,4,1,1,0.0,0.5,0.5
parafon forte dsc,0.0,1,0,0,0.0,0.0,0.5
amoxil,0.0,2,0,0,0.0,0.0,0.5
salofalk,0.0,1,0,0,0.0,0.0,0.5
sanctura xr,0.0,2,0,0,0.0,0.0,0.5
apixaban,0.0,6,1,1,0.16666666666666666,0.3333333333333333,0.5
aprepitant,0.0,2,1,1,0.0,0.0,0.5
parathyroid hormone,0.0,1,0,0,0.0,0.0,0.5
arava,0.0,3,0,0,0.0,0.0,0.5
arformoterol,0.0,1,0,0,0.0,0.0,0.5
parlodel,0.0,2,0,0,0.0,0.0,0.5
romiplostim,0.0,1,0,0,0.0,0.0,0.5
belladonna / opium,0.0,1,0,0,0.0,0.0,0.5
cardura xl,0.0,1,0,0,0.0,0.0,0.5
carmol 20,0.0,1,0,0,0.0,0.0,0.5
casodex,0.0,1,0,0,0.0,0.0,0.5
loprox,0.0,1,0,0,0.0,0.0,0.5
anafranil,0.0,8,2,2,0.125,0.125,0.5
angiomax,0.0,1,0,0,0.0,0.0,0.5
anti-diarrheal,0.0,2,0,0,0.0,0.0,0.5
antihemophilic factor,0.0,1,0,0,0.0,0.0,0.5
macrodantin,0.0,6,1,1,0.0,0.0,0.5
risperdal consta,0.0,1,0,0,0.0,0.0,0.5
benicar hct,0.0,4,0,0,0.25,0.0,0.5
ritalin-sr,0.0,1,0,0,0.0,1.0,0.5
rituxan,0.0,2,0,0,0.0,0.0,0.5
osmoprep,0.0,1,0,0,0.0,1.0,0.5
robitussin cough + chest congestion dm,0.0,1,0,0,0.0,0.0,0.5
rocaltrol,0.0,1,0,0,0.0,1.0,0.5
lorazepam intensol,0.0,2,1,1,0.0,0.0,0.5
lotronex,0.0,4,0,0,0.0,0.0,0.5
lovastatin / niacin,0.0,1,0,0,0.0,0.0,0.5
lovaza,0.0,1,0,0,0.0,0.0,0.5
low-ogestrel-21,0.0,1,0,0,0.0,0.0,0.5
loxapine,0.0,1,0,0,0.0,0.0,0.5
lumigan,0.0,1,0,0,0.0,0.0,0.5
apidra,0.0,1,0,0,0.0,0.0,0.5
malarone,0.0,3,0,0,0.0,0.0,0.5
renvela,0.0,1,0,0,0.0,1.0,0.5
darunavir,0.0,1,0,0,0.0,0.0,0.5
darvon,0.0,2,0,0,0.0,0.0,0.5
revlimid,0.0,1,0,0,1.0,0.0,0.5
dasabuvir / ombitasvir / paritaprevir / ritonavir,0.0,1,0,0,0.0,0.0,0.5
rhinocort aqua,0.0,1,0,0,0.0,0.0,0.5
rho (d) immune globulin,0.0,1,0,0,0.0,0.0,0.5
rhofade,0.0,2,0,0,0.0,0.0,0.5
ribasphere,0.0,1,0,0,0.0,0.0,0.5
ribavirin,0.0,1,0,0,0.0,1.0,0.5
riboflavin,0.0,1,0,0,0.0,0.0,0.5
lupron depot-ped,0.0,2,0,0,1.0,0.5,0.5
deblitane,0.0,1,0,0,0.0,1.0,0.5
luxiq,0.0,1,0,0,0.0,0.0,0.5
acarbose,0.0,1,0,0,0.0,0.0,0.5
megace es,0.0,1,0,0,0.0,0.0,0.5
arnuity ellipta,0.0,1,0,0,0.0,0.0,0.5
artane,0.0,1,0,0,0.0,0.0,0.5
accolate,0.0,1,0,0,0.0,0.0,0.5
ALPRAZOLAM,0.0,1,0,0,0.0,1.0,0.5
ascorbic acid,0.0,1,0,0,0.0,0.0,0.5
zymar,0.0,2,0,0,0.0,0.5,0.5
ADALIMUMAB,0.0,2,0,0,0.0,1.0,0.5
ABIRATERONE ACETATE,0.0,1,0,0,0.0,1.0,0.5
siliq,0.0,1,0,0,0.0,0.0,0.5
ATORVASTATIN CALCIUM,0.0,1,0,0,0.0,1.0,0.5
capzasin,0.0,1,0,0,0.0,0.0,0.5
capzasin-p,0.0,1,0,0,0.0,0.0,0.5
carac,0.0,2,0,0,0.5,0.0,0.5
magnesium salicylate,0.0,1,0,0,1.0,0.0,0.5
uceris,0.0,1,0,0,0.0,0.0,0.5
didrex,0.0,1,0,0,0.0,0.0,0.5
everolimus,0.0,3,1,1,0.0,0.0,0.5
evista,0.0,1,0,0,1.0,0.0,0.5
duofilm,0.0,1,0,0,0.0,0.0,0.5
ex-lax regular strength pills,0.0,1,0,0,0.0,1.0,0.5
durezol,0.0,2,0,0,0.0,0.5,0.5
dyrenium,0.0,1,0,0,0.0,0.0,0.5
xtampza er,0.0,4,1,0,0.25,0.0,0.5
aristocort,0.0,1,0,0,0.0,0.0,0.5
marezine,0.0,3,1,1,0.0,0.3333333333333333,0.5
marlissa,0.0,1,0,0,0.0,0.0,0.5
excedrin quick tab,0.0,1,0,0,0.0,0.0,0.5
maxaron forte,0.0,2,0,0,0.0,0.0,0.5
mebaral,0.0,1,0,0,0.0,1.0,0.5
excedrin tension headache,0.0,2,0,0,0.0,0.0,0.5
unasyn,0.0,1,0,0,0.0,0.0,0.5
mepolizumab,0.0,2,1,1,0.0,0.5,0.5
mestranol / norethindrone,0.0,2,0,0,0.0,0.0,0.5
metadate er,0.0,1,0,0,0.0,0.0,0.5
unisom sleepgels,0.0,1,0,0,0.0,0.0,0.5
metformin / saxagliptin,0.0,2,0,0,0.0,0.0,0.5
radium 223 dichloride,0.0,1,0,0,0.0,0.0,0.5
rajani,0.0,2,0,0,0.0,1.0,0.5
rebif rebidose,0.0,1,0,0,0.0,0.0,0.5
reclipsen,0.0,22,4,4,0.0,0.4090909090909091,0.5
univasc,0.0,1,0,0,0.0,0.0,0.5
regorafenib,0.0,1,0,0,0.0,0.0,0.5
xeljanz xr,0.0,1,0,0,0.0,0.0,0.5
xeloda,0.0,2,0,0,0.0,0.5,0.5
xgeva,0.0,1,0,0,0.0,0.0,0.5
urispas,0.0,1,0,0,0.0,0.0,0.5
uristat,0.0,2,0,0,0.0,0.0,0.5
aspirin / oxycodone,0.0,1,0,0,0.0,0.0,0.5
asthmanefrin,0.0,1,0,0,0.0,0.0,0.5
atelvia,0.0,1,0,0,0.0,0.0,0.5
questran light,0.0,2,0,0,0.0,0.0,0.5
quinapril,0.0,2,1,1,0.0,0.0,0.5
r-tanna,0.0,1,0,0,0.0,0.0,0.5
racepinephrine,0.0,1,0,0,0.0,0.0,0.5
ursodiol,0.0,6,0,0,0.0,0.0,0.5
methscopolamine,0.0,2,0,0,0.0,0.0,0.5
methylergonovine,0.0,1,0,0,0.0,0.0,0.5
exubera,0.0,1,0,0,0.0,0.0,0.5
eyebright,0.0,1,0,0,0.0,0.0,0.5
caffeine,0.0,3,1,1,0.0,0.6666666666666666,0.5
melatonin,0.0,17,5,5,0.17647058823529413,0.0,0.5
meningococcal conjugate vaccine,0.0,1,0,0,0.0,0.0,0.5
menotropins,0.0,1,0,0,0.0,0.0,0.5
pulmicort respules,0.0,1,0,0,0.0,0.0,0.5
pyrantel,0.0,1,0,0,0.0,0.0,0.5
famotidine / ibuprofen,0.0,4,0,0,0.0,0.0,0.5
pyrithione zinc,0.0,1,0,0,0.0,0.0,0.5
q-dryl,0.0,1,0,0,0.0,0.0,0.5
cyclophosphamide,0.0,1,0,0,0.0,0.0,0.5
aspirin / carisoprodol / codeine,0.0,1,0,0,0.0,1.0,0.5
calcitonin,0.0,1,0,0,0.0,0.0,0.5
calcitriol,0.0,3,0,0,0.0,0.0,0.5
calcium acetate,0.0,1,0,0,0.0,0.0,0.5
calmoseptine,0.0,1,0,0,0.0,0.0,0.5
methylprednisolone,0.0,48,11,5,0.0625,0.0625,0.5
metrocream,0.0,3,0,0,0.0,0.0,0.5
metrogel,0.0,4,0,0,0.0,0.0,0.5
metrogel-vaginal,0.0,3,0,0,0.0,0.3333333333333333,0.5
aspirin / meprobamate,0.0,1,0,0,0.0,1.0,0.5
tylenol allergy multi-symptom nighttime,0.0,1,0,0,0.0,0.0,0.5
atropine / hyoscyamine / phenobarbital / scopolamine,0.0,6,2,2,0.0,0.0,0.5
atrovent,0.0,1,0,0,0.0,0.0,0.5
augmentin xr,0.0,1,0,0,0.0,0.0,0.5
propafenone,0.0,7,0,0,0.0,0.14285714285714285,0.5
acetaminophen / caffeine / magnesium salicylate,0.0,1,0,0,0.0,0.0,0.5
propulsid,0.0,1,0,0,0.0,0.0,0.5
prostigmin bromide,0.0,1,0,0,0.0,0.0,0.5
acetaminophen / chlorpheniramine / dextromethorphan / pseudoephedrine,0.0,1,0,0,0.0,0.0,0.5
miglitol,0.0,1,0,0,0.0,0.0,0.5
milk thistle,0.0,1,0,0,0.0,0.0,0.5
minivelle,0.0,2,0,0,0.0,0.0,0.5
protonix iv,0.0,1,0,0,0.0,0.0,0.5
provenge,0.0,1,0,0,0.0,0.0,0.5
proventil hfa,0.0,1,0,0,0.0,0.0,0.5
acetaminophen / chlorpheniramine / phenylephrine,0.0,1,0,0,0.0,0.0,0.5
acetaminophen / dextromethorphan / guaifenesin / phenylephrine,0.0,1,0,0,0.0,0.0,0.5
dextromethorphan / phenylephrine / pyrilamine,0.0,1,0,0,0.0,0.0,0.5
di-gel,0.0,1,0,0,0.0,0.0,0.5
zaroxolyn,0.0,1,0,0,0.0,0.0,0.5
zeasorb-af,0.0,1,0,0,0.0,0.0,0.5
zegerid otc,0.0,1,0,0,0.0,0.0,0.5
zelboraf,0.0,1,0,0,0.0,0.0,0.5
INTERFERON BETA-1A,0.0,2,0,0,0.0,1.0,0.5
promacta,0.0,1,0,0,1.0,0.0,0.5
promethazine dm,0.0,1,0,0,0.0,0.0,0.5
mircette,0.0,5,2,2,0.0,0.2,0.5
acetaminophen / dextromethorphan / guaifenesin / pseudoephedrine,0.0,1,0,0,0.0,0.0,0.5
estradiol / norethindrone,0.0,7,2,1,0.14285714285714285,0.14285714285714285,0.5
bupivacaine,0.0,2,0,0,0.0,1.0,0.5
buproban,0.0,2,0,0,0.0,0.0,0.5
debrox,0.0,1,0,0,0.0,0.0,0.5
prinivil,0.0,1,0,0,0.0,0.0,0.5
degarelix,0.0,1,0,0,0.0,1.0,0.5
acetylcysteine,0.0,1,0,0,0.0,0.0,0.5
monodox,0.0,5,2,2,0.2,0.2,0.5
acitretin,0.0,1,0,0,0.0,0.0,0.5
probenecid,0.0,1,0,0,0.0,0.0,0.5
procyclidine,0.0,1,0,0,0.0,0.0,0.5
prolensa,0.0,1,0,0,0.0,0.0,0.5
prolixin,0.0,1,0,0,0.0,1.0,0.5
actifed,0.0,1,0,0,0.0,0.0,0.5
yohimbine,0.0,4,0,0,0.0,0.25,0.5
zaditor,0.0,1,0,0,0.0,0.0,0.5
zanamivir,0.0,1,0,0,0.0,0.0,0.5
zarontin,0.0,1,0,0,0.0,0.0,0.5
dronedarone,0.0,1,0,0,0.0,0.0,0.5
trusopt,0.0,1,0,0,0.0,0.0,0.5
moxatag,0.0,1,0,0,0.0,0.0,0.5
tykerb,0.0,1,0,0,0.0,0.0,0.5
tylenol 8 hour,0.0,1,0,0,0.0,0.0,0.5
mucomyst-10,0.0,1,0,0,0.0,0.0,0.5
cyklokapron,0.0,1,0,0,0.0,0.0,0.5
prempro,0.0,2,0,0,0.0,0.0,0.5
premsyn pms,0.0,1,0,0,0.0,0.0,0.5
prevalite,0.0,1,0,0,0.0,0.0,0.5
prevident 5000 plus,0.0,1,0,0,0.0,0.0,0.5
previfem,0.0,3,1,1,0.3333333333333333,0.0,0.5
prevnar 13,0.0,3,0,0,0.0,0.0,0.5
prevpac,0.0,10,3,3,0.0,0.6,0.5
prezcobix,0.0,2,0,0,0.0,0.0,0.5
prezista,0.0,2,0,0,0.0,0.0,0.5
prialt,0.0,1,0,0,0.0,0.0,0.5
cylert,0.0,1,0,0,0.0,0.0,0.5
naftin,0.0,1,0,0,0.0,0.0,0.5
nalbuphine,0.0,4,0,0,0.0,0.25,0.5
potassium chloride,0.0,1,0,0,0.0,0.0,0.5
potassium citrate,0.0,2,0,0,0.0,0.0,0.5
felodipine,0.0,1,0,0,0.0,0.0,0.5
fenofibric acid,0.0,1,0,0,0.0,0.0,0.5
pramlintide,0.0,1,0,0,0.0,0.0,0.5
pramoxine / zinc oxide,0.0,1,0,0,0.0,0.0,0.5
prandin,0.0,1,0,0,0.0,0.0,0.5
prasugrel,0.0,2,0,0,0.0,0.0,0.5
prednisolone,0.0,8,2,2,0.25,0.125,0.5
feosol original,0.0,1,0,0,0.0,0.0,0.5
feraheme,0.0,1,0,0,0.0,0.0,0.5
premarin vaginal,0.0,3,0,0,0.6666666666666666,0.6666666666666666,0.5
motofen,0.0,1,0,0,0.0,0.0,0.5
motrin infant drops,0.0,1,0,0,0.0,0.0,0.5
axid ar,0.0,1,0,0,0.0,0.0,0.5
ferrous fumarate / iron polysaccharide,0.0,1,0,0,0.0,1.0,0.5
polymyxin b / trimethoprim,0.0,3,1,1,0.0,0.0,0.5
briviact,0.0,1,0,0,0.0,0.0,0.5
brodalumab,0.0,1,0,0,0.0,0.0,0.5
ferrous sulfate,0.0,5,1,1,0.0,0.0,0.5
brompheniramine / dextromethorphan / pseudoephedrine,0.0,1,0,0,0.0,0.0,0.5
brovana,0.0,2,0,0,0.0,0.0,0.5
tropicamide,0.0,1,0,0,0.0,0.0,0.5
naphazoline,0.0,3,0,0,0.0,0.3333333333333333,0.5
naphazoline / pheniramine,0.0,3,1,1,0.0,0.3333333333333333,0.5
acetaminophen / phenylephrine,0.0,1,0,0,0.0,0.0,0.5
mycolog ii,0.0,1,0,0,0.0,0.0,0.5
acetaminophen / aspirin,0.0,1,0,0,0.0,0.0,0.5
nabumetone,0.0,3,0,0,0.3333333333333333,0.0,0.5
nafcillin,0.0,1,0,0,0.0,0.0,0.5
bisoprolol,0.0,2,0,0,0.5,0.5,0.5
acetaminophen / aspirin / caffeine / salicylamide,0.0,2,0,0,0.0,0.0,0.5
natazia,0.0,4,1,1,0.0,0.5,0.5
esgic,0.0,2,0,0,0.0,0.0,0.5
necon 1 / 35,0.0,9,2,2,0.0,0.4444444444444444,0.5
necon 1 / 50,0.0,1,0,0,0.0,0.0,0.5
nembutal sodium,0.0,1,0,0,0.0,0.0,0.5
neo-poly-dex,0.0,3,0,0,0.0,0.3333333333333333,0.5
neo-synephrine nasal,0.0,1,0,0,0.0,0.0,0.5
neosporin,0.0,2,0,0,0.0,0.0,0.5
avandia,0.0,2,0,0,0.0,0.0,0.5
avastin,0.0,2,0,0,0.0,0.5,0.5
aveed,0.0,1,0,0,0.0,1.0,0.5
estraderm,0.0,1,0,0,0.0,0.0,0.5
avonex pen,0.0,1,0,0,0.0,0.0,0.5
axid,0.0,1,0,0,0.0,0.0,0.5
actoplus met,0.0,1,0,0,0.0,1.0,0.5
cosopt,0.0,1,0,0,0.0,0.0,0.5
plecanatide,0.0,3,1,1,0.0,0.0,0.5
plegridy,0.0,1,0,0,0.0,0.0,0.5
pneumococcal 23-polyvalent vaccine,0.0,2,0,0,0.0,0.0,0.5
podofilox,0.0,2,0,0,0.0,0.0,0.5
poly iron,0.0,1,0,0,0.0,0.0,0.5
polycarbophil,0.0,1,0,0,0.0,0.0,0.5
cosopt pf,0.0,1,0,0,0.0,1.0,0.5
coumadin,0.0,1,0,0,0.0,0.0,0.5
neulasta,0.0,3,0,0,0.0,0.0,0.5
nexafed nasal decongestant,0.0,2,1,1,0.0,1.0,0.5
next choice,0.0,14,3,2,0.07142857142857142,0.21428571428571427,0.5
niacin,0.0,10,2,1,0.2,0.2,0.5
niacin / simvastatin,0.0,1,0,0,1.0,0.0,0.5
cutivate,0.0,1,0,0,0.0,0.0,0.5
ditropan,0.0,1,0,0,0.0,0.0,0.5
divigel,0.0,1,0,0,0.0,0.0,0.5
doans pills extra strength,0.0,1,0,0,0.0,0.0,0.5
dobutamine,0.0,1,0,0,0.0,0.0,0.5
doripenem,0.0,1,0,0,0.0,0.0,0.5
dorzolamide / timolol,0.0,1,0,0,0.0,0.0,0.5
cyclafem 7 / 7 / 7,0.0,1,0,0,0.0,0.0,0.5
difluprednate,0.0,2,0,0,0.0,0.0,0.5
pilocarpine,0.0,1,0,0,0.0,0.0,0.5
pioglitazone,0.0,7,1,0,0.14285714285714285,0.14285714285714285,0.5
bosutinib,0.0,1,0,0,0.0,0.0,0.5
brilinta,0.0,4,1,1,0.25,0.0,0.5
flecainide,0.0,24,5,2,0.20833333333333334,0.25,0.5
nikki,0.0,1,0,0,0.0,0.0,0.5
nilotinib,0.0,4,2,2,0.0,0.0,0.5
pitocin,0.0,1,0,0,0.0,0.0,0.5
nizoral,0.0,1,0,0,0.0,0.0,0.5
nonoxynol 9,0.0,2,0,0,0.5,0.0,0.5
bethanechol,0.0,1,0,0,0.0,0.0,0.5
bicalutamide,0.0,2,0,0,0.0,0.0,0.5
nortrel 1 / 35,0.0,3,1,1,0.0,0.0,0.5
fleet bisacodyl,0.0,1,0,0,0.0,0.0,0.5
phenol,0.0,1,0,0,0.0,0.0,0.5
zipsor,0.0,2,0,0,0.5,0.0,0.5
adalat cc,0.0,1,0,0,1.0,0.0,0.5
phisohex,0.0,1,0,0,0.0,0.0,0.5
ISOTRETINOIN,0.0,1,0,0,0.0,1.0,0.5
LENALIDOMIDE,0.0,1,0,0,0.0,1.0,0.5
LETROZOLE,0.0,1,0,0,0.0,1.0,0.5
LISDEXAMFETAMINE DIMESYLATE,0.0,1,0,0,0.0,0.0,0.5
LITHIUM CARBONATE,0.0,1,0,0,0.0,1.0,0.5
METFORMIN,0.0,1,0,0,0.0,1.0,0.5
novolin 70 / 30,0.0,1,0,0,0.0,0.0,0.5
novolog flexpen,0.0,2,0,0,0.0,0.0,0.5
novolog mix 70 / 30,0.0,1,0,0,0.0,0.0,0.5
adcirca,0.0,2,0,0,0.0,0.0,0.5
azacitidine,0.0,4,0,0,0.0,0.0,0.5
tretin-x,0.0,1,0,0,0.0,0.0,0.5
azilsartan medoxomil,0.0,5,1,0,0.6,0.2,0.5
azithromycin dose pack,0.0,8,2,0,0.0,0.125,0.5
azopt,0.0,1,0,0,0.0,1.0,0.5
azurette,0.0,2,1,1,0.0,0.0,0.5
peridex,0.0,1,0,0,0.0,0.0,0.5
periogard,0.0,1,0,0,0.0,0.0,0.5
perphenazine,0.0,3,1,1,0.3333333333333333,0.3333333333333333,0.5
pexeva,0.0,1,0,0,0.0,0.0,0.5
phendiet,0.0,1,0,0,0.0,1.0,0.5
tri-lo-estarylla,0.0,3,0,0,0.0,0.3333333333333333,0.5
penicillin vk,0.0,3,1,1,0.0,0.0,0.5
triamterene,0.0,1,0,0,0.0,0.0,0.5
nuox,0.0,1,0,0,1.0,0.0,0.5
nyamyc,0.0,1,0,0,0.0,0.0,0.5
nystatin,0.0,3,0,0,0.0,0.0,0.5
fenugreek,0.0,1,0,0,0.0,0.0,0.5
ocular lubricant,0.0,11,1,1,0.0,0.2727272727272727,0.5
flolan,0.0,1,0,0,0.0,0.0,0.5
olodaterol,0.0,1,0,0,0.0,0.0,0.5
flovent,0.0,3,1,1,0.0,0.3333333333333333,0.5
benzefoam ultra,0.0,1,0,0,0.0,0.0,0.5
benzoic acid / salicylic acid,0.0,1,0,0,0.0,0.0,0.5
fluocinonide,0.0,5,1,1,0.0,0.4,0.5
benzoyl peroxide / sulfur,0.0,1,0,0,0.0,0.0,0.5
berinert,0.0,1,0,0,0.0,0.0,0.5
betapace,0.0,1,0,0,0.0,0.0,0.5
fluoride,0.0,1,0,0,0.0,0.0,0.5
zometa,0.0,3,0,0,0.0,0.0,0.5
fluoroplex,0.0,1,0,0,0.0,0.0,0.5
zomig-zmt,0.0,1,0,0,1.0,0.0,0.5
onglyza,0.0,2,0,0,0.0,0.0,0.5
opcicon one-step,0.0,1,0,0,0.0,1.0,0.5
conzip,0.0,1,0,0,0.0,0.0,0.5
opsumit,0.0,1,0,0,0.0,0.0,0.5
toujeo,0.0,1,0,0,0.0,0.0,0.5
orajel,0.0,1,0,0,0.0,0.0,0.5
toujeo solostar,0.0,1,0,0,0.0,1.0,0.5
peg-3350 with electolytes,0.0,1,0,0,0.0,0.0,0.5
peginterferon alfa-2a,0.0,4,1,1,0.0,0.25,0.5
pemetrexed,0.0,1,0,0,0.0,0.0,0.5
tranxene sd,0.0,1,0,0,0.0,0.0,0.5
penicillin g benzathine,0.0,1,0,0,0.0,0.0,0.5
ornex,0.0,1,0,0,0.0,0.0,0.5
travatan,0.0,1,0,0,0.0,0.0,0.5
travoprost,0.0,2,0,0,0.0,0.0,0.5
omnaris,0.0,2,0,0,0.0,0.0,0.5
vectibix,0.0,1,0,0,0.0,0.0,0.5
vectical,0.0,1,0,0,0.0,0.0,0.5
onexton,0.0,2,0,0,0.0,0.5,0.5
dilantin,0.0,9,2,1,0.2222222222222222,0.3333333333333333,0.5
venofer,0.0,1,0,0,0.0,1.0,0.5
toradol iv / im,0.0,1,0,0,0.0,0.0,0.5
coq10,0.0,1,0,0,0.0,0.0,0.5
cordarone,0.0,1,0,0,0.0,0.0,0.5
dimetapp children's cold & cough,0.0,1,0,0,0.0,0.0,0.5
dinoprostone,0.0,2,0,0,0.0,0.0,0.5
coricidin hbp cold & flu,0.0,1,0,0,0.0,0.0,0.5
corlanor,0.0,1,0,0,0.0,0.0,0.5
oxistat,0.0,1,0,0,0.0,0.0,0.5
CAPECITABINE,0.0,1,0,0,0.0,1.0,0.5
CINACALCET HYDROCHLORIDE,0.0,1,0,0,0.0,1.0,0.5
DALFAMPRIDINE,0.0,1,0,0,0.0,1.0,0.5
DENOSUMAB,0.0,1,0,0,0.0,1.0,0.5
DOXAZOSIN,0.0,1,0,0,0.0,1.0,0.5
ESOMEPRAZOLE MAGNESIUM,0.0,1,0,0,0.0,1.0,0.5
GADODIAMIDE,0.0,1,0,0,0.0,1.0,0.5
GOLIMUMAB,0.0,1,0,0,0.0,1.0,0.5
INFLIXIMAB,0.0,2,0,0,0.0,1.0,0.5
zzzquil,0.0,1,0,0,0.0,0.0,0.5
ABATACEPT,0.0,1,0,0,0.0,1.0,0.5
cortef,0.0,1,0,0,1.0,0.0,0.5
ortho-cept,0.0,3,1,1,0.0,0.3333333333333333,0.5
ortho-novum 1 / 35,0.0,4,2,2,0.0,0.5,0.5
zetia,0.0,9,1,0,0.1111111111111111,0.2222222222222222,0.5
ospemifene,0.0,2,0,0,0.0,0.0,0.5
corticotropin,0.0,4,1,1,0.0,0.5,0.5
cortisporin otic,0.0,1,0,0,0.0,0.0,0.5
cortizone-10,0.0,1,0,0,0.0,0.0,0.5
paclitaxel,0.0,2,0,0,0.0,0.0,0.5
zovia 1 / 35,0.0,1,0,0,0.0,1.0,0.5
gabitril,0.0,1,0,0,0.0,0.0,0.5
diflorasone,0.0,1,0,0,0.0,0.0,0.5
gamunex-c,0.0,1,0,0,0.0,0.0,0.5
NAPROXEN,0.0,1,0,0,0.0,1.0,0.5
OMEPRAZOLE,0.0,1,0,0,0.0,1.0,0.5
OXYCODONE,0.0,1,0,0,0.0,1.0,0.5
PREGABALIN,0.0,3,0,0,0.0,1.0,0.5
QUETIAPINE,0.0,1,0,0,0.0,1.0,0.5
SERTRALINE,0.0,1,0,0,0.0,1.0,0.5
zirgan,0.0,1,0,0,0.0,1.0,0.5
azithromycin,-0.0007142857142857149,140,31,19,0.02857142857142857,0.17857142857142858,0.49964285714285717
minocycline,-0.0009090909090909098,110,31,26,0.22727272727272727,0.2727272727272727,0.49954545454545457
bupropion,-0.0034482758620689668,261,74,48,0.12643678160919541,0.31417624521072796,0.4982758620689655
cefdinir,-0.007894736842105265,38,9,6,0.0,0.13157894736842105,0.49605263157894736
albuterol,-0.010526315789473694,19,5,1,0.0,0.10526315789473684,0.49473684210526314
levonorgestrel,-0.010654205607476638,1070,239,210,0.08224299065420561,0.3532710280373832,0.4946728971962617
lamotrigine,-0.010897435897435899,156,44,25,0.17307692307692307,0.28846153846153844,0.49455128205128207
yuvafem,-0.01111111111111112,9,2,0,0.0,0.1111111111111111,0.49444444444444446
prazosin,-0.012000000000000002,25,8,6,0.04,0.2,0.494
strattera,-0.012500000000000002,72,22,17,0.4166666666666667,0.3333333333333333,0.49375
vyvanse,-0.012878787878787884,132,38,14,0.4166666666666667,0.26515151515151514,0.49356060606060603
vilazodone,-0.014782608695652176,115,33,18,0.22608695652173913,0.26956521739130435,0.4926086956521739
moviprep,-0.015555555555555557,45,11,2,0.08888888888888889,0.24444444444444444,0.4922222222222222
cyproheptadine,-0.015625,32,8,6,0.0625,0.34375,0.4921875
finasteride,-0.01578947368421053,19,3,2,0.15789473684210525,0.10526315789473684,0.4921052631578947
levocetirizine,-0.016216216216216217,37,9,5,0.02702702702702703,0.10810810810810811,0.49189189189189186
latuda,-0.01647058823529412,85,26,18,0.2,0.4470588235294118,0.49176470588235294
lutera,-0.017391304347826084,69,16,14,0.043478260869565216,0.37681159420289856,0.49130434782608695
amoxicillin / clavulanate,-0.017582417582417582,91,25,18,0.0,0.15384615384615385,0.4912087912087912
belviq,-0.017610062893081764,159,43,19,0.07547169811320754,0.4025157232704403,0.4911949685534591
carbamazepine,-0.01764705882352941,51,12,8,0.11764705882352941,0.1568627450980392,0.49117647058823527
armodafinil,-0.017777777777777778,45,10,7,0.06666666666666667,0.15555555555555556,0.4911111111111111
mirena,-0.02108108108108108,370,71,75,0.13243243243243244,0.34594594594594597,0.48945945945945946
ledipasvir / sofosbuvir,-0.021212121212121213,66,19,18,0.030303030303030304,0.25757575757575757,0.4893939393939394
risperdal,-0.021739130434782608,23,3,1,0.0,0.13043478260869565,0.4891304347826087
nucynta er,-0.02307692307692307,13,4,2,0.38461538461538464,0.15384615384615385,0.48846153846153845
bactrim,-0.023636363636363636,55,14,13,0.01818181818181818,0.16363636363636364,0.48818181818181816
delsym,-0.023809523809523808,21,3,2,0.0,0.23809523809523808,0.4880952380952381
keppra,-0.02631578947368421,38,9,6,0.10526315789473684,0.18421052631578946,0.4868421052631579
luvox,-0.02727272727272728,11,3,1,0.2727272727272727,0.2727272727272727,0.4863636363636364
beclomethasone,-0.02727272727272728,11,3,2,0.18181818181818182,0.18181818181818182,0.4863636363636364
valproic acid,-0.02727272727272728,11,2,1,0.0,0.18181818181818182,0.4863636363636364
solifenacin,-0.027777777777777776,18,3,3,0.05555555555555555,0.05555555555555555,0.4861111111111111
armour thyroid,-0.028571428571428574,21,6,3,0.09523809523809523,0.09523809523809523,0.4857142857142857
morphine,-0.030000000000000006,50,9,2,0.4,0.2,0.485
fluconazole,-0.031578947368421054,57,14,10,0.05263157894736842,0.12280701754385964,0.4842105263157895
cymbalta,-0.032314410480349345,229,72,51,0.21397379912663755,0.2052401746724891,0.48384279475982533
tranylcypromine,-0.03333333333333333,15,3,3,0.4,0.26666666666666666,0.48333333333333334
pitavastatin,-0.03333333333333334,9,2,1,0.1111111111111111,0.2222222222222222,0.48333333333333334
doryx,-0.03333333333333334,9,1,0,0.0,0.2222222222222222,0.48333333333333334
vistaril,-0.03461538461538462,26,6,4,0.23076923076923078,0.15384615384615385,0.4826923076923077
aubra,-0.03571428571428571,28,7,8,0.07142857142857142,0.39285714285714285,0.48214285714285715
dextromethorphan,-0.036585365853658534,41,7,3,0.0,0.04878048780487805,0.4817073170731707
liothyronine,-0.037500000000000006,8,1,0,0.0,0.125,0.48125
nortriptyline,-0.03827160493827161,81,19,13,0.41975308641975306,0.2345679012345679,0.4808641975308642
librax,-0.038461538461538464,13,2,2,0.0,0.15384615384615385,0.4807692307692308
atomoxetine,-0.039393939393939405,66,19,11,0.36363636363636365,0.36363636363636365,0.4803030303030303
geodon,-0.04,50,11,7,0.28,0.24,0.48
amphetamine / dextroamphetamine,-0.04017857142857143,112,27,18,0.4107142857142857,0.30357142857142855,0.4799107142857143
wellbutrin xl,-0.040625,32,6,5,0.03125,0.125,0.4796875
megestrol,-0.041666666666666664,12,3,3,0.08333333333333333,0.16666666666666666,0.4791666666666667
veltin,-0.042857142857142864,7,1,0,0.0,0.42857142857142855,0.4785714285714286
baclofen,-0.04363636363636364,55,15,4,0.21818181818181817,0.14545454545454545,0.47818181818181815
ramipril,-0.045454545454545456,11,2,2,0.36363636363636365,0.0,0.4772727272727273
ciprofloxacin,-0.04591836734693878,98,24,17,0.02040816326530612,0.21428571428571427,0.4770408163265306
loestrin 24 fe,-0.046308724832214765,149,34,34,0.0738255033557047,0.37583892617449666,0.47684563758389265
yaz,-0.04666666666666666,120,31,33,0.05,0.36666666666666664,0.4766666666666667
crestor,-0.047058823529411764,17,3,2,0.11764705882352941,0.17647058823529413,0.4764705882352941
propranolol,-0.04743589743589744,156,38,32,0.391025641025641,0.28846153846153844,0.47628205128205126
zolpidem,-0.047692307692307694,130,38,30,0.13846153846153847,0.16153846153846155,0.47615384615384615
ethinyl estradiol / levonorgestrel,-0.0499054820415879,529,110,116,0.024574669187145556,0.3780718336483932,0.4750472589792061
keflex,-0.05,10,1,0,0.0,0.0,0.475
zepatier,-0.05,8,2,1,0.0,0.375,0.475
creon,-0.05000000000000001,6,1,0,0.16666666666666666,0.16666666666666666,0.475
chlorzoxazone,-0.05,10,2,2,0.0,0.0,0.475
diamox,-0.05,10,2,2,0.2,0.2,0.475
gabapentin,-0.05226480836236934,287,80,42,0.11149825783972125,0.21951219512195122,0.4738675958188153
ropinirole,-0.05333333333333333,45,9,4,0.1111111111111111,0.15555555555555556,0.47333333333333333
fluticasone / vilanterol,-0.05454545454545456,11,2,0,0.0,0.09090909090909091,0.4727272727272727
lyrica,-0.05491803278688525,122,28,21,0.22950819672131148,0.11475409836065574,0.4725409836065574
plan b one-step,-0.055238095238095246,105,26,24,0.01904761904761905,0.3333333333333333,0.4723809523809524
donepezil,-0.05555555555555555,9,2,2,0.2222222222222222,0.0,0.4722222222222222
vraylar,-0.05555555555555555,18,5,4,0.0,0.3333333333333333,0.4722222222222222
tamoxifen,-0.05625,16,2,1,0.125,0.3125,0.471875
losartan,-0.05849056603773585,53,11,10,0.37735849056603776,0.22641509433962265,0.4707547169811321
wellbutrin sr,-0.058823529411764705,17,5,5,0.23529411764705882,0.35294117647058826,0.47058823529411764
amitriptyline,-0.06008968609865471,223,59,46,0.42152466367713004,0.22869955156950672,0.46995515695067264
topamax,-0.06022727272727273,88,22,15,0.17045454545454544,0.25,0.46988636363636366
avelox,-0.06060606060606061,33,9,8,0.030303030303030304,0.12121212121212122,0.4696969696969697
clarithromycin,-0.06071428571428571,84,21,20,0.03571428571428571,0.19047619047619047,0.46964285714285714
medroxyprogesterone,-0.060966542750929366,269,53,61,0.05947955390334572,0.3754646840148699,0.4695167286245353
nifedipine,-0.0625,16,2,2,0.0625,0.0625,0.46875
insulin degludec,-0.0625,8,1,0,0.0,0.125,0.46875
hydrochlorothiazide / lisinopril,-0.0625,8,1,0,0.0,0.25,0.46875
synthroid,-0.0625,24,5,3,0.125,0.25,0.46875
fluoxetine,-0.06465517241379311,232,62,49,0.33189655172413796,0.2801724137931034,0.4676724137931034
eszopiclone,-0.065625,32,8,5,0.0625,0.15625,0.4671875
milnacipran,-0.06571428571428571,70,21,18,0.08571428571428572,0.17142857142857143,0.46714285714285714
levofloxacin,-0.06626506024096386,83,16,12,0.04819277108433735,0.1927710843373494,0.46686746987951805
tri-lo-sprintec,-0.06666666666666667,15,3,4,0.0,0.5333333333333333,0.4666666666666667
lupron,-0.06666666666666667,12,3,3,0.0,0.08333333333333333,0.4666666666666667
norethindrone,-0.06788990825688074,109,22,24,0.027522935779816515,0.3486238532110092,0.46605504587155966
rituximab,-0.06875,16,4,2,0.25,0.1875,0.465625
levaquin,-0.07037037037037036,54,12,11,0.018518518518518517,0.2037037037037037,0.4648148148148148
zyclara,-0.07142857142857142,7,1,1,0.0,0.2857142857142857,0.4642857142857143
paxil,-0.07203389830508475,118,35,26,0.2711864406779661,0.17796610169491525,0.4639830508474576
cozaar,-0.07272727272727274,11,2,1,0.2727272727272727,0.18181818181818182,0.4636363636363636
xyzal,-0.07407407407407407,27,5,5,0.0,0.18518518518518517,0.46296296296296297
ziprasidone,-0.07424242424242425,66,13,12,0.16666666666666666,0.30303030303030304,0.4628787878787879
byetta,-0.075,12,4,4,0.08333333333333333,0.16666666666666666,0.4625
fetzima,-0.07575757575757576,33,7,4,0.21212121212121213,0.30303030303030304,0.4621212121212121
homatropine / hydrocodone,-0.07692307692307693,13,4,4,0.0,0.0,0.46153846153846156
hydroxychloroquine,-0.07777777777777778,36,9,10,0.05555555555555555,0.2222222222222222,0.46111111111111114
buprenorphine,-0.08035714285714286,56,15,4,0.21428571428571427,0.2857142857142857,0.45982142857142855
bisacodyl,-0.08128654970760234,171,37,46,0.04678362573099415,0.2631578947368421,0.45935672514619885
atarax,-0.08235294117647059,17,2,1,0.29411764705882354,0.23529411764705882,0.4588235294117647
camrese,-0.08260869565217391,23,4,4,0.0,0.43478260869565216,0.45869565217391306
ibrutinib,-0.08333333333333333,6,0,0,0.0,0.0,0.4583333333333333
verapamil,-0.08333333333333333,18,3,3,0.16666666666666666,0.1111111111111111,0.4583333333333333
capsaicin,-0.08333333333333333,12,1,1,0.0,0.08333333333333333,0.4583333333333333
savella,-0.08703703703703704,54,15,12,0.2222222222222222,0.2222222222222222,0.4564814814814815
taytulla,-0.0875,16,3,3,0.0,0.5,0.45625
minoxidil,-0.08888888888888889,18,2,2,0.05555555555555555,0.2222222222222222,0.45555555555555555
triazolam,-0.08888888888888889,9,3,3,0.1111111111111111,0.1111111111111111,0.45555555555555555
atorvastatin,-0.08888888888888889,27,4,4,0.37037037037037035,0.2222222222222222,0.45555555555555555
imatinib,-0.08888888888888889,9,2,2,0.0,0.0,0.45555555555555555
atenolol,-0.0896551724137931,29,6,6,0.06896551724137931,0.2413793103448276,0.45517241379310347
ethinyl estradiol / norelgestromin,-0.09040000000000001,125,30,39,0.016,0.36,0.4548
allegra,-0.09090909090909091,11,2,2,0.18181818181818182,0.18181818181818182,0.45454545454545453
insulin glargine,-0.09090909090909091,11,2,2,0.0,0.0,0.45454545454545453
prolia,-0.09090909090909091,11,1,2,0.0,0.09090909090909091,0.45454545454545453
drospirenone / ethinyl estradiol,-0.09486166007905138,253,63,74,0.05533596837944664,0.3675889328063241,0.4525691699604743
celexa,-0.09664429530201342,149,41,43,0.26174496644295303,0.2953020134228188,0.45167785234899327
arthrotec,-0.1,5,0,0,0.2,0.2,0.45
ortho tri-cyclen,-0.1,37,10,12,0.13513513513513514,0.43243243243243246,0.45
amlodipine / olmesartan,-0.1,16,3,3,0.0,0.3125,0.45
cheratussin ac,-0.1,5,0,0,0.0,0.0,0.45
serzone,-0.10000000000000002,3,1,0,0.0,0.0,0.45
januvia,-0.1,13,1,1,0.15384615384615385,0.15384615384615385,0.45
bunavail,-0.1,4,1,0,0.25,0.5,0.45
efavirenz / emtricitabine / tenofovir,-0.1,15,2,3,0.0,0.2,0.45
sovaldi,-0.1,5,0,0,0.0,0.0,0.45
monurol,-0.10000000000000002,3,1,0,0.0,0.3333333333333333,0.45
tylenol pm,-0.1,4,1,0,0.0,0.25,0.45
pravastatin,-0.1,5,0,0,0.2,0.2,0.45
ranolazine,-0.1,5,1,1,0.2,0.0,0.45
aviane,-0.10246913580246915,81,17,24,0.04938271604938271,0.2962962962962963,0.4487654320987654
lisinopril,-0.10449438202247192,89,13,14,0.24719101123595505,0.19101123595505617,0.447752808988764
lorcaserin,-0.10532544378698225,169,36,27,0.07100591715976332,0.31952662721893493,0.44733727810650886
ramelteon,-0.10555555555555557,18,4,3,0.0,0.16666666666666666,0.4472222222222222
valium,-0.10588235294117647,34,7,6,0.14705882352941177,0.14705882352941177,0.4470588235294118
pregabalin,-0.10592105263157896,152,37,35,0.27631578947368424,0.19078947368421054,0.44703947368421054
guaifenesin / pseudoephedrine,-0.10606060606060606,33,7,6,0.030303030303030304,0.24242424242424243,0.44696969696969696
oxcarbazepine,-0.10606060606060606,33,8,7,0.0,0.2727272727272727,0.44696969696969696
aripiprazole,-0.10656934306569343,137,30,34,0.145985401459854,0.17518248175182483,0.4467153284671533
apremilast,-0.1108695652173913,46,11,13,0.10869565217391304,0.17391304347826086,0.44456521739130433
zarah,-0.1111111111111111,9,2,3,0.0,0.2222222222222222,0.4444444444444444
hydrochlorothiazide / triamterene,-0.1111111111111111,9,1,2,0.1111111111111111,0.3333333333333333,0.4444444444444444
ms contin,-0.1111111111111111,9,2,2,0.5555555555555556,0.0,0.4444444444444444
campral,-0.11153846153846156,26,7,0,0.0,0.19230769230769232,0.4442307692307692
subutex,-0.11176470588235296,17,5,0,0.058823529411764705,0.29411764705882354,0.4441176470588235
depo-provera,-0.11217391304347826,230,37,51,0.04782608695652174,0.3695652173913043,0.4439130434782609
junel fe 1.5 / 30,-0.1125,16,2,3,0.25,0.1875,0.44375
nadolol,-0.1142857142857143,7,1,1,0.2857142857142857,0.14285714285714285,0.44285714285714284
dermal filler,-0.1142857142857143,7,1,1,0.0,0.14285714285714285,0.44285714285714284
gilenya,-0.11538461538461539,13,2,3,0.07692307692307693,0.15384615384615385,0.4423076923076923
teriparatide,-0.11538461538461539,13,2,3,0.07692307692307693,0.38461538461538464,0.4423076923076923
loseasonique,-0.11538461538461539,26,3,5,0.0,0.11538461538461539,0.4423076923076923
abacavir / dolutegravir / lamivudine,-0.11764705882352941,17,4,6,0.0,0.23529411764705882,0.4411764705882353
librium,-0.11904761904761904,21,6,0,0.23809523809523808,0.19047619047619047,0.44047619047619047
ethinyl estradiol / etonogestrel,-0.11988950276243093,181,35,49,0.027624309392265192,0.281767955801105,0.44005524861878453
methadone,-0.12403846153846154,104,20,2,0.20192307692307693,0.21153846153846154,0.43798076923076923
depakote,-0.12413793103448276,29,7,7,0.06896551724137931,0.2413793103448276,0.4379310344827586
vimovo,-0.125,4,0,0,0.25,0.25,0.4375
tarceva,-0.125,8,2,3,0.0,0.0,0.4375
haloperidol,-0.125,12,2,3,0.08333333333333333,0.25,0.4375
roxicodone,-0.125,12,1,1,0.3333333333333333,0.08333333333333333,0.4375
quasense,-0.125,8,1,2,0.0,0.5,0.4375
octreotide,-0.125,4,1,1,0.5,0.0,0.4375
my way,-0.125,8,1,2,0.25,0.375,0.4375
mydayis,-0.125,4,1,1,0.25,0.25,0.4375
zonisamide,-0.125,12,0,1,0.08333333333333333,0.0,0.4375
piroxicam,-0.125,4,0,0,0.25,0.25,0.4375
methotrexate,-0.12631578947368421,38,7,9,0.15789473684210525,0.18421052631578946,0.4368421052631579
nexplanon,-0.12644230769230771,624,102,159,0.020833333333333332,0.4519230769230769,0.43677884615384616
silodosin,-0.12727272727272726,22,3,3,0.18181818181818182,0.22727272727272727,0.4363636363636364
divalproex sodium,-0.12745098039215685,51,12,17,0.0784313725490196,0.2549019607843137,0.4362745098039216
levora,-0.1275,40,8,10,0.025,0.325,0.43625
gildess fe 1 / 20,-0.12790697674418605,43,6,11,0.11627906976744186,0.37209302325581395,0.436046511627907
ovcon 35,-0.12857142857142856,7,2,2,0.0,0.42857142857142855,0.4357142857142857
leuprolide,-0.12926829268292683,41,5,8,0.07317073170731707,0.2926829268292683,0.4353658536585366
topiramate,-0.129375,160,23,21,0.2625,0.30625,0.4353125
jolessa,-0.13043478260869565,23,4,7,0.043478260869565216,0.30434782608695654,0.43478260869565216
nuvigil,-0.13157894736842105,38,7,10,0.0,0.15789473684210525,0.4342105263157895
"multivitamin, prenatal",-0.13333333333333333,15,4,6,0.0,0.06666666666666667,0.43333333333333335
risedronate,-0.13333333333333333,6,1,1,0.16666666666666666,0.16666666666666666,0.43333333333333335
endocet,-0.13333333333333333,6,1,1,0.16666666666666666,0.0,0.43333333333333335
lamictal,-0.13333333333333333,72,14,10,0.1111111111111111,0.20833333333333334,0.43333333333333335
doxepin,-0.13421052631578947,38,9,12,0.21052631578947367,0.05263157894736842,0.4328947368421053
temazepam,-0.13695652173913042,46,10,9,0.1956521739130435,0.15217391304347827,0.4315217391304348
seasonique,-0.13818181818181818,55,8,13,0.03636363636363636,0.38181818181818183,0.4309090909090909
etonogestrel,-0.1387238723872387,909,154,255,0.0176017601760176,0.385038503850385,0.43063806380638064
rivaroxaban,-0.13999999999999999,20,4,6,0.15,0.35,0.43
levetiracetam,-0.14146341463414633,41,8,9,0.0975609756097561,0.12195121951219512,0.4292682926829268
implanon,-0.14269340974212033,349,63,105,0.011461318051575931,0.37822349570200575,0.42865329512893985
prozac,-0.14285714285714285,126,34,39,0.2857142857142857,0.373015873015873,0.4285714285714286
codeine,-0.14285714285714285,7,1,1,0.0,0.0,0.4285714285714286
fesoterodine,-0.14285714285714285,7,0,1,0.0,0.14285714285714285,0.4285714285714286
clopidogrel,-0.14285714285714285,7,0,1,0.14285714285714285,0.14285714285714285,0.4285714285714286
bismuth subsalicylate,-0.14285714285714285,7,0,1,0.0,0.0,0.4285714285714286
diovan,-0.14285714285714285,7,1,1,0.14285714285714285,0.14285714285714285,0.4285714285714286
febuxostat,-0.14285714285714285,7,1,1,0.14285714285714285,0.0,0.4285714285714286
votrient,-0.14285714285714285,7,1,2,0.0,0.14285714285714285,0.4285714285714286
ambien cr,-0.14285714285714285,14,3,5,0.0,0.0,0.4285714285714286
linagliptin,-0.14285714285714285,7,1,2,0.0,0.0,0.4285714285714286
amiodarone,-0.14285714285714285,7,1,2,0.0,0.14285714285714285,0.4285714285714286
sertraline,-0.1448888888888889,450,113,133,0.38666666666666666,0.3288888888888889,0.4275555555555556
desogestrel / ethinyl estradiol,-0.14513888888888887,144,25,40,0.027777777777777776,0.2638888888888889,0.42743055555555554
zyprexa,-0.14545454545454545,33,8,9,0.15151515151515152,0.12121212121212122,0.42727272727272725
xolair,-0.14545454545454548,11,1,1,0.0,0.2727272727272727,0.42727272727272725
tylenol with codeine #3,-0.14782608695652175,23,4,3,0.043478260869565216,0.08695652173913043,0.4260869565217391
acamprosate,-0.14827586206896554,29,8,1,0.0,0.20689655172413793,0.42586206896551726
nuvaring,-0.14858757062146893,177,30,50,0.04519774011299435,0.3672316384180791,0.4257062146892655
xulane,-0.14871794871794872,39,7,12,0.02564102564102564,0.3333333333333333,0.4256410256410256
clobex,-0.15000000000000002,4,1,0,0.0,0.0,0.425
moxifloxacin,-0.15151515151515152,33,6,8,0.0,0.06060606060606061,0.42424242424242425
metronidazole,-0.1521551724137931,232,48,70,0.034482758620689655,0.38362068965517243,0.42392241379310347
portia,-0.15217391304347827,23,4,7,0.0,0.34782608695652173,0.42391304347826086
thyroid desiccated,-0.15365853658536585,41,9,10,0.14634146341463414,0.12195121951219512,0.42317073170731706
blisovi fe 1 / 20,-0.15384615384615385,13,1,3,0.0,0.38461538461538464,0.4230769230769231
femara,-0.15384615384615385,13,2,4,0.07692307692307693,0.23076923076923078,0.4230769230769231
qsymia,-0.15483870967741936,93,13,8,0.0967741935483871,0.43010752688172044,0.42258064516129035
duloxetine,-0.15505226480836237,287,62,57,0.24041811846689895,0.2229965156794425,0.42247386759581884
letrozole,-0.15789473684210525,19,4,6,0.15789473684210525,0.42105263157894735,0.42105263157894735
edex,-0.16,5,1,0,0.4,0.2,0.42
amlodipine,-0.16,55,6,11,0.2545454545454545,0.2909090909090909,0.42
ethinyl estradiol / norgestimate,-0.16153846153846155,585,111,180,0.03076923076923077,0.3811965811965812,0.41923076923076924
prepopik,-0.1625,24,3,0,0.08333333333333333,0.08333333333333333,0.41875
trinessa,-0.16428571428571428,84,15,28,0.023809523809523808,0.35714285714285715,0.41785714285714287
hydrea,-0.16666666666666666,3,0,0,0.0,0.0,0.4166666666666667
dupixent,-0.16666666666666666,3,0,0,0.0,0.6666666666666666,0.4166666666666667
dronabinol,-0.16666666666666666,9,1,2,0.1111111111111111,0.2222222222222222,0.4166666666666667
zantac 150,-0.16666666666666666,6,1,2,0.0,0.0,0.4166666666666667
orencia,-0.16666666666666666,3,0,0,0.0,0.0,0.4166666666666667
kombiglyze xr,-0.16666666666666666,3,0,0,0.0,0.0,0.4166666666666667
gavilyte-g,-0.16666666666666666,3,0,0,0.0,0.6666666666666666,0.4166666666666667
formoterol / mometasone,-0.16666666666666666,6,1,1,0.16666666666666666,0.16666666666666666,0.4166666666666667
cyanocobalamin,-0.16666666666666666,3,0,0,0.0,0.0,0.4166666666666667
dalmane,-0.16666666666666666,3,1,1,0.3333333333333333,0.3333333333333333,0.4166666666666667
excedrin,-0.16666666666666666,3,0,0,0.0,0.0,0.4166666666666667
darifenacin,-0.16666666666666666,3,0,0,0.6666666666666666,0.0,0.4166666666666667
paliperidone,-0.16666666666666666,24,3,5,0.08333333333333333,0.20833333333333334,0.4166666666666667
ergocalciferol,-0.16666666666666666,3,0,0,0.0,0.0,0.4166666666666667
lioresal,-0.16666666666666666,3,0,0,0.0,0.0,0.4166666666666667
azo-standard,-0.16666666666666666,3,1,1,0.0,0.0,0.4166666666666667
progesterone,-0.16666666666666666,9,1,2,0.3333333333333333,0.4444444444444444,0.4166666666666667
elavil,-0.16666666666666666,33,4,6,0.45454545454545453,0.15151515151515152,0.4166666666666667
rebif,-0.16666666666666666,3,1,1,0.6666666666666666,0.3333333333333333,0.4166666666666667
quillivant xr,-0.16666666666666666,3,1,1,0.0,0.0,0.4166666666666667
metoprolol tartrate,-0.16666666666666666,3,0,0,0.0,0.0,0.4166666666666667
fentora,-0.16666666666666666,3,0,0,0.0,0.3333333333333333,0.4166666666666667
forteo,-0.16666666666666666,6,0,1,0.5,0.16666666666666666,0.4166666666666667
coricidin hbp cough & cold,-0.16666666666666666,3,0,0,0.0,0.0,0.4166666666666667
human papillomavirus vaccine,-0.16666666666666666,6,0,1,0.0,0.3333333333333333,0.4166666666666667
zaleplon,-0.17058823529411768,17,4,3,0.23529411764705882,0.17647058823529413,0.41470588235294115
suprep bowel prep kit,-0.1715909090909091,176,27,23,0.05113636363636364,0.14772727272727273,0.41420454545454544
desvenlafaxine,-0.17204301075268819,186,42,40,0.24731182795698925,0.2903225806451613,0.4139784946236559
transderm-scop,-0.17333333333333334,15,4,4,0.0,0.2,0.41333333333333333
paxil cr,-0.175,8,2,2,0.375,0.125,0.4125
evamist,-0.17500000000000004,4,1,0,0.0,0.5,0.4125
ethinyl estradiol / norethindrone,-0.1760104302477184,767,128,231,0.048239895697522815,0.3624511082138201,0.41199478487614083
viibryd,-0.17627118644067796,118,28,28,0.3474576271186441,0.2457627118644068,0.411864406779661
ella,-0.17647058823529413,17,1,4,0.0,0.11764705882352941,0.4117647058823529
dalfampridine,-0.1769230769230769,13,1,2,0.07692307692307693,0.15384615384615385,0.4115384615384615
nicoderm cq,-0.17692307692307693,13,4,0,0.15384615384615385,0.3076923076923077,0.4115384615384615
metoprolol,-0.17746478873239435,71,12,18,0.352112676056338,0.19718309859154928,0.4112676056338028
alesse,-0.17857142857142858,28,5,10,0.03571428571428571,0.39285714285714285,0.4107142857142857
quetiapine,-0.17857142857142858,182,42,48,0.2967032967032967,0.2032967032967033,0.4107142857142857
fluvoxamine,-0.1787878787878788,33,5,4,0.21212121212121213,0.21212121212121213,0.4106060606060606
falmina,-0.18,10,2,3,0.0,0.3,0.41000000000000003
effexor xr,-0.18105263157894735,95,22,14,0.18947368421052632,0.21052631578947367,0.4094736842105263
lexapro,-0.18132780082987554,241,56,79,0.26141078838174275,0.3278008298755187,0.40933609958506223
brexpiprazole,-0.18181818181818182,22,3,6,0.045454545454545456,0.3181818181818182,0.40909090909090906
conjugated estrogens,-0.18181818181818182,11,1,2,0.09090909090909091,0.18181818181818182,0.40909090909090906
magnesium sulfate / potassium sulfate / sodium sulfate,-0.18224852071005918,169,26,15,0.01775147928994083,0.2485207100591716,0.4088757396449704
hydroxyzine,-0.1841726618705036,139,31,39,0.2158273381294964,0.2446043165467626,0.4079136690647482
lo loestrin fe,-0.1854368932038835,206,32,62,0.038834951456310676,0.3640776699029126,0.40728155339805827
metformin / sitagliptin,-0.1875,8,1,2,0.0,0.125,0.40625
famciclovir,-0.19166666666666665,12,1,1,0.08333333333333333,0.08333333333333333,0.4041666666666667
chantix,-0.19197860962566843,187,34,28,0.06417112299465241,0.25133689839572193,0.4040106951871658
ethinyl estradiol / norgestrel,-0.192,50,6,11,0.02,0.26,0.404
valsartan,-0.19230769230769232,13,1,3,0.07692307692307693,0.15384615384615385,0.40384615384615385
blisovi 24 fe,-0.19230769230769232,26,3,8,0.0,0.5,0.40384615384615385
bactrim ds,-0.19230769230769232,26,6,10,0.038461538461538464,0.5,0.40384615384615385
ortho micronor,-0.19230769230769232,26,4,9,0.0,0.3076923076923077,0.40384615384615385
lupron depot,-0.19473684210526318,19,2,3,0.10526315789473684,0.47368421052631576,0.4026315789473684
harvoni,-0.19666666666666668,60,11,21,0.06666666666666667,0.23333333333333334,0.40166666666666667
dramamine,-0.2,5,1,2,0.0,0.0,0.4
cartia xt,-0.2,4,1,1,0.0,0.0,0.4
genvoya,-0.2,10,1,3,0.1,0.2,0.4
tikosyn,-0.2,9,2,1,0.1111111111111111,0.1111111111111111,0.4
carvedilol,-0.2,25,5,8,0.16,0.04,0.4
duragesic,-0.2,13,1,0,0.3076923076923077,0.3076923076923077,0.4
versed,-0.2,5,0,1,0.0,0.2,0.4
nubain,-0.2,5,1,2,0.0,0.0,0.4
naloxone,-0.2,5,0,0,0.2,0.2,0.4
vagifem,-0.2,4,0,0,0.5,0.25,0.4
cytomel,-0.2,5,1,1,0.0,0.0,0.4
uloric,-0.2,5,0,1,0.2,0.0,0.4
trimethoprim,-0.2,5,1,1,0.0,0.2,0.4
minastrin 24 fe,-0.19999999999999998,41,3,9,0.024390243902439025,0.21951219512195122,0.4
pegfilgrastim,-0.2,5,1,2,0.0,0.2,0.4
zyvox,-0.2,5,0,1,0.0,0.0,0.4
pneumococcal 13-valent vaccine,-0.2,5,0,1,0.0,0.0,0.4
edarbi,-0.20000000000000004,3,1,0,0.6666666666666666,0.6666666666666666,0.39999999999999997
microgestin fe 1 / 20,-0.2009009009009009,111,19,37,0.036036036036036036,0.35135135135135137,0.3995495495495496
citalopram,-0.20352112676056336,284,69,91,0.3415492957746479,0.2852112676056338,0.39823943661971833
scopolamine,-0.2041666666666667,24,6,9,0.041666666666666664,0.041666666666666664,0.39791666666666664
clonidine,-0.20634920634920634,63,14,13,0.1111111111111111,0.2698412698412698,0.39682539682539686
sulfamethoxazole / trimethoprim,-0.20987654320987653,162,27,46,0.024691358024691357,0.2839506172839506,0.3950617283950617
terbinafine,-0.21020408163265308,49,5,13,0.0,0.22448979591836735,0.39489795918367343
clonazepam,-0.2111111111111111,216,45,58,0.0787037037037037,0.14351851851851852,0.39444444444444443
coreg,-0.21666666666666667,6,0,0,0.6666666666666666,0.0,0.39166666666666666
ortho cyclen,-0.21666666666666667,12,4,5,0.0,0.25,0.39166666666666666
escitalopram,-0.2175531914893617,376,88,132,0.324468085106383,0.3351063829787234,0.39122340425531915
oxazepam,-0.21818181818181817,11,2,3,0.2727272727272727,0.18181818181818182,0.39090909090909093
movantik,-0.21923076923076923,26,4,2,0.19230769230769232,0.3076923076923077,0.3903846153846154
bismuth subcitrate potassium / metronidazole / tetracycline,-0.22,15,3,5,0.13333333333333333,0.2,0.39
junel fe 1 / 20,-0.22,60,8,19,0.05,0.4666666666666667,0.39
metoclopramide,-0.22033898305084745,59,10,20,0.11864406779661017,0.2033898305084746,0.3898305084745763
loryna,-0.2222222222222222,9,1,3,0.0,0.3333333333333333,0.3888888888888889
bonine,-0.225,8,1,2,0.0,0.125,0.3875
trintellix,-0.22539682539682537,63,14,22,0.30158730158730157,0.3333333333333333,0.3873015873015873
anastrozole,-0.22580645161290322,31,4,11,0.0967741935483871,0.16129032258064516,0.3870967741935484
oseltamivir,-0.22641509433962265,53,9,9,0.03773584905660377,0.22641509433962265,0.3867924528301887
mirtazapine,-0.22727272727272727,165,35,47,0.3393939393939394,0.19393939393939394,0.38636363636363635
hydrochlorothiazide / losartan,-0.22727272727272727,11,0,2,0.0,0.09090909090909091,0.38636363636363635
provera,-0.22727272727272727,22,2,6,0.45454545454545453,0.2727272727272727,0.38636363636363635
varenicline,-0.2302325581395349,258,50,44,0.06976744186046512,0.23255813953488372,0.38488372093023254
triumeq,-0.23076923076923078,13,2,5,0.07692307692307693,0.15384615384615385,0.3846153846153846
tri-sprintec,-0.23106796116504855,103,20,41,0.0,0.4077669902912621,0.3844660194174757
macrobid,-0.2323076923076923,65,11,18,0.09230769230769231,0.15384615384615385,0.38384615384615384
suboxone,-0.23411764705882354,85,19,1,0.12941176470588237,0.2823529411764706,0.38294117647058823
zoloft,-0.2342741935483871,248,48,71,0.3790322580645161,0.3225806451612903,0.38286290322580646
phentermine / topiramate,-0.23644859813084113,107,12,12,0.14953271028037382,0.2897196261682243,0.38177570093457946
terconazole,-0.23684210526315788,19,2,2,0.0,0.3157894736842105,0.3815789473684211
zovia,-0.2375,8,2,2,0.0,0.375,0.38125
zyban,-0.23888888888888887,18,3,0,0.05555555555555555,0.3888888888888889,0.38055555555555554
xarelto,-0.2391304347826087,23,1,5,0.08695652173913043,0.21739130434782608,0.3804347826086957
effexor,-0.24117647058823527,68,13,7,0.20588235294117646,0.20588235294117646,0.37941176470588234
microgestin fe 1.5 / 30,-0.24375,16,2,5,0.125,0.4375,0.378125
lorazepam,-0.245,100,21,30,0.05,0.18,0.3775
orsythia,-0.24500000000000002,40,3,12,0.075,0.325,0.3775
zostrix,-0.25,2,0,0,0.0,0.0,0.375
RUXOLITINIB,-0.25,16,0,4,0.0,0.9375,0.375
dificid,-0.25,2,0,0,0.0,0.0,0.375
halflytely and bisacodyl,-0.25,2,0,0,0.0,0.0,0.375
combivent,-0.25,4,0,1,0.0,0.0,0.375
rotigotine,-0.25,6,0,1,0.16666666666666666,0.16666666666666666,0.375
atenolol / chlorthalidone,-0.25,2,0,0,0.0,0.0,0.375
toviaz,-0.25,6,0,1,0.0,0.0,0.375
methylnaltrexone,-0.25,10,1,1,0.1,0.2,0.375
mestinon,-0.25,6,0,0,0.5,0.3333333333333333,0.375
mefloquine,-0.25,2,0,0,0.0,0.0,0.375
tenofovir,-0.25,4,0,1,0.0,0.25,0.375
imbruvica,-0.25,2,0,0,0.5,0.0,0.375
daclatasvir,-0.25,4,0,1,0.0,0.5,0.375
amlodipine / valsartan,-0.25,4,0,1,0.0,0.0,0.375
aspirin / dipyridamole,-0.25,6,0,1,0.0,0.0,0.375
triptorelin,-0.25,2,0,0,0.0,0.0,0.375
trilafon,-0.25,2,0,0,0.0,0.5,0.375
fiorinal with codeine,-0.25,2,0,0,0.0,0.0,0.375
mexiletine,-0.25,2,0,0,0.0,0.0,0.375
sensipar,-0.25,2,0,0,0.0,0.0,0.375
seasonale,-0.25,8,0,2,0.125,0.25,0.375
absorica,-0.25,2,0,0,0.0,0.5,0.375
alosetron,-0.25,2,0,0,0.0,0.5,0.375
nora-be,-0.25,20,2,7,0.05,0.45,0.375
pembrolizumab,-0.25,2,0,0,0.0,0.0,0.375
delsym 12 hour cough relief,-0.25,2,0,0,0.0,0.0,0.375
veramyst,-0.25,4,0,1,0.0,0.0,0.375
levlen,-0.25,4,0,1,0.0,0.25,0.375
westhroid,-0.25,2,0,0,0.0,0.0,0.375
amaryl,-0.25,4,0,0,0.0,0.0,0.375
iophen-c nr,-0.25,2,0,0,0.5,0.0,0.375
pirbuterol,-0.25,2,0,0,0.0,0.0,0.375
claritin-d,-0.25,8,1,3,0.125,0.25,0.375
chlordiazepoxide,-0.2521739130434783,23,5,4,0.34782608695652173,0.391304347826087,0.3739130434782608
abilify,-0.252212389380531,113,18,39,0.12389380530973451,0.168141592920354,0.3738938053097345
errin,-0.2545454545454545,11,1,3,0.0,0.45454545454545453,0.37272727272727274
DIVALPROEX SODIUM,-0.2545454545454545,11,0,2,0.0,0.9090909090909091,0.37272727272727274
belbuca,-0.2545454545454546,11,3,1,0.09090909090909091,0.09090909090909091,0.3727272727272727
janumet,-0.2571428571428572,7,1,2,0.0,0.0,0.37142857142857144
paroxetine,-0.26031746031746034,189,38,58,0.21693121693121692,0.31216931216931215,0.36984126984126986
nitrofurantoin,-0.26466666666666666,150,21,44,0.1,0.2733333333333333,0.3676666666666667
plaquenil,-0.2647058823529412,17,1,3,0.11764705882352941,0.23529411764705882,0.36764705882352944
buspirone,-0.2661016949152542,118,21,35,0.2457627118644068,0.23728813559322035,0.3669491525423729
repaglinide,-0.26666666666666666,3,0,0,0.0,0.0,0.3666666666666667
somnote,-0.26666666666666666,3,1,1,0.0,0.3333333333333333,0.3666666666666667
clotrimazole,-0.26666666666666666,3,0,0,0.0,0.0,0.3666666666666667
permethrin,-0.26666666666666666,3,0,0,0.0,0.0,0.3666666666666667
mupirocin,-0.26666666666666666,3,1,1,0.0,0.0,0.3666666666666667
nasacort allergy 24hr,-0.26666666666666666,3,0,0,0.0,0.0,0.3666666666666667
nostrilla,-0.26666666666666666,3,0,0,0.0,0.0,0.3666666666666667
evening primrose oil,-0.26666666666666666,3,0,0,0.0,0.3333333333333333,0.3666666666666667
bydureon,-0.26666666666666666,27,3,8,0.0,0.25925925925925924,0.3666666666666667
dextromethorphan / quinidine,-0.26666666666666666,3,0,0,0.0,0.0,0.3666666666666667
alprazolam,-0.267027027027027,185,34,54,0.0972972972972973,0.15675675675675677,0.3664864864864865
trazodone,-0.26751269035533,197,30,56,0.3401015228426396,0.2131979695431472,0.366243654822335
ambien,-0.27037037037037037,81,15,26,0.13580246913580246,0.14814814814814814,0.3648148148148148
buprenorphine / naloxone,-0.27040000000000003,125,27,7,0.112,0.128,0.3648
lubiprostone,-0.27058823529411763,34,8,13,0.08823529411764706,0.23529411764705882,0.3647058823529412
sprintec,-0.27058823529411763,170,22,62,0.01764705882352941,0.38235294117647056,0.3647058823529412
brisdelle,-0.2714285714285714,7,1,2,0.0,0.42857142857142855,0.3642857142857143
methamphetamine,-0.2714285714285714,7,1,0,0.14285714285714285,0.2857142857142857,0.3642857142857143
remeron,-0.27222222222222225,36,8,11,0.2222222222222222,0.2222222222222222,0.3638888888888889
tri-previfem,-0.2740740740740741,27,7,13,0.0,0.2962962962962963,0.36296296296296293
pristiq,-0.27483870967741936,155,30,51,0.2064516129032258,0.23870967741935484,0.3625806451612903
mirapex,-0.275,16,2,5,0.0625,0.1875,0.3625
hysingla er,-0.275,20,3,0,0.45,0.35,0.3625
sronyx,-0.2777777777777778,27,3,10,0.0,0.2222222222222222,0.3611111111111111
fentanyl transdermal system,-0.2785714285714286,14,1,3,0.2857142857142857,0.14285714285714285,0.3607142857142857
levothyroxine,-0.28076923076923077,78,16,26,0.14102564102564102,0.23076923076923078,0.3596153846153846
klonopin,-0.28271604938271605,81,17,27,0.024691358024691357,0.16049382716049382,0.35864197530864195
lunesta,-0.2851851851851852,27,5,9,0.07407407407407407,0.07407407407407407,0.3574074074074074
ortho evra,-0.2852459016393442,61,10,22,0.03278688524590164,0.32786885245901637,0.35737704918032787
ortho tri-cyclen lo,-0.28545454545454546,55,7,19,0.03636363636363636,0.2727272727272727,0.3572727272727273
erythromycin,-0.2857142857142857,7,1,2,0.0,0.2857142857142857,0.35714285714285715
ortho-novum 7 / 7 / 7,-0.2857142857142857,7,0,2,0.0,0.0,0.35714285714285715
exemestane,-0.2857142857142857,7,2,4,0.0,0.42857142857142855,0.35714285714285715
emtricitabine / rilpivirine / tenofovir,-0.2857142857142857,7,0,2,0.0,0.0,0.35714285714285715
tamiflu,-0.28600000000000003,50,10,15,0.02,0.12,0.357
hydrocodone,-0.2894736842105263,19,1,2,0.3157894736842105,0.21052631578947367,0.35526315789473684
venlafaxine,-0.29105691056910565,246,46,49,0.22357723577235772,0.22357723577235772,0.3544715447154472
amoxicillin / clarithromycin / lansoprazole,-0.2916666666666667,12,1,4,0.25,0.75,0.35416666666666663
vortioxetine,-0.2921985815602837,141,25,44,0.2907801418439716,0.3049645390070922,0.35390070921985817
victoza,-0.29791666666666666,96,14,28,0.020833333333333332,0.20833333333333334,0.3510416666666667
insulin detemir,-0.3,6,0,0,0.0,0.16666666666666666,0.35
sonata,-0.3,10,0,2,0.1,0.2,0.35
aliskiren,-0.3,6,0,1,0.16666666666666666,0.0,0.35
selegiline,-0.3,5,0,1,0.0,0.0,0.35
methyl salicylate,-0.3,6,1,2,0.0,0.0,0.35
atovaquone / proguanil,-0.3,5,1,2,0.0,0.6,0.35
rozerem,-0.3,10,1,3,0.0,0.1,0.35
acetaminophen / tramadol,-0.30000000000000004,11,2,1,0.09090909090909091,0.09090909090909091,0.35
imipramine,-0.3,5,1,2,0.2,0.0,0.35
estarylla,-0.30303030303030304,33,5,15,0.06060606060606061,0.48484848484848486,0.3484848484848485
nucynta,-0.303125,32,4,7,0.375,0.09375,0.3484375
clomipramine,-0.30333333333333334,30,3,6,0.13333333333333333,0.13333333333333333,0.34833333333333333
belsomra,-0.305,60,7,12,0.18333333333333332,0.23333333333333334,0.34750000000000003
buspar,-0.3065573770491803,61,10,15,0.36065573770491804,0.2459016393442623,0.34672131147540985
citric acid / magnesium oxide / sodium picosulfate,-0.30869565217391304,23,1,3,0.043478260869565216,0.13043478260869565,0.3456521739130435
budesonide,-0.3090909090909091,11,0,2,0.0,0.09090909090909091,0.34545454545454546
lyza,-0.3111111111111111,9,1,2,0.0,0.4444444444444444,0.34444444444444444
dofetilide,-0.3125,8,0,0,0.0,0.125,0.34375
loratadine / pseudoephedrine,-0.3125,8,1,3,0.0,0.125,0.34375
telmisartan,-0.31428571428571433,7,1,1,0.42857142857142855,0.2857142857142857,0.34285714285714286
perampanel,-0.31666666666666665,6,1,2,0.0,0.0,0.3416666666666667
eliquis,-0.32142857142857145,14,1,4,0.2857142857142857,0.2857142857142857,0.3392857142857143
xanax,-0.3237623762376238,101,17,34,0.1188118811881188,0.16831683168316833,0.3381188118811881
guanfacine,-0.3241379310344828,29,6,11,0.27586206896551724,0.1724137931034483,0.33793103448275863
tofranil,-0.325,4,1,1,0.5,0.0,0.3375
medrol dosepak,-0.325,4,1,1,0.0,0.0,0.3375
flagyl,-0.32608695652173914,23,2,8,0.0,0.2608695652173913,0.33695652173913043
methadose,-0.32857142857142857,7,2,2,0.14285714285714285,0.14285714285714285,0.33571428571428574
lacosamide,-0.33076923076923076,13,2,5,0.3076923076923077,0.3076923076923077,0.33461538461538465
DIMETHYL FUMARATE,-0.3333333333333333,3,0,1,0.0,1.0,0.33333333333333337
xolegel,-0.3333333333333333,3,0,1,0.0,0.3333333333333333,0.33333333333333337
cinryze,-0.3333333333333333,3,1,2,0.3333333333333333,0.3333333333333333,0.33333333333333337
benadryl,-0.3333333333333333,3,0,1,0.0,0.0,0.33333333333333337
benlysta,-0.3333333333333333,3,1,2,0.0,0.0,0.33333333333333337
hytrin,-0.3333333333333333,3,0,1,0.3333333333333333,0.3333333333333333,0.33333333333333337
vivarin,-0.3333333333333333,3,1,2,0.0,0.0,0.33333333333333337
nodoz,-0.3333333333333333,3,1,2,0.3333333333333333,0.3333333333333333,0.33333333333333337
nexavar,-0.3333333333333333,3,1,2,0.0,0.0,0.33333333333333337
barium sulfate,-0.3333333333333333,3,0,1,0.0,0.0,0.33333333333333337
candesartan,-0.3333333333333333,3,0,0,0.6666666666666666,0.6666666666666666,0.33333333333333337
teriflunomide,-0.3333333333333333,3,0,1,0.6666666666666666,0.0,0.33333333333333337
kava,-0.3333333333333333,3,0,1,0.0,0.0,0.33333333333333337
estazolam,-0.3333333333333333,3,0,1,0.0,0.0,0.33333333333333337
cardizem,-0.3333333333333333,3,0,1,0.0,0.0,0.33333333333333337
vitamin b12,-0.3333333333333333,3,0,1,0.0,0.0,0.33333333333333337
psoriasin,-0.3333333333333333,3,0,1,0.0,0.0,0.33333333333333337
cyred,-0.3333333333333333,3,0,1,0.0,0.3333333333333333,0.33333333333333337
truvada,-0.3333333333333333,3,0,1,0.0,0.0,0.33333333333333337
cleocin,-0.3333333333333333,3,1,2,0.0,0.0,0.33333333333333337
fenofibrate,-0.3333333333333333,6,0,2,0.0,0.0,0.33333333333333337
pimtrea,-0.3333333333333333,3,0,1,0.0,0.3333333333333333,0.33333333333333337
sprix,-0.3333333333333333,3,0,1,0.0,0.0,0.33333333333333337
liraglutide,-0.3335078534031414,191,24,39,0.06282722513089005,0.28272251308900526,0.3332460732984293
GABAPENTIN,-0.34,5,0,0,0.0,1.0,0.32999999999999996
trulicity,-0.34285714285714286,56,5,14,0.07142857142857142,0.3392857142857143,0.32857142857142857
chateal,-0.34375,32,5,16,0.0,0.4375,0.328125
sofosbuvir / velpatasvir,-0.34545454545454546,11,2,5,0.09090909090909091,0.18181818181818182,0.32727272727272727
drospirenone / ethinyl estradiol / levomefolate calcium,-0.34594594594594597,37,7,16,0.05405405405405406,0.24324324324324326,0.327027027027027
olanzapine,-0.347945205479452,73,10,27,0.1780821917808219,0.1643835616438356,0.32602739726027397
exenatide,-0.3488372093023256,43,3,17,0.046511627906976744,0.20930232558139536,0.32558139534883723
neupro,-0.35,8,0,1,0.0,0.125,0.325
generess fe,-0.35000000000000003,22,2,8,0.045454545454545456,0.2727272727272727,0.32499999999999996
seroquel,-0.3522388059701493,67,9,27,0.208955223880597,0.14925373134328357,0.32388059701492533
phenergan,-0.35454545454545455,11,2,5,0.09090909090909091,0.0,0.32272727272727275
morphine / naltrexone,-0.35555555555555557,9,1,1,0.2222222222222222,0.0,0.3222222222222222
promethazine,-0.35625,48,9,23,0.14583333333333334,0.10416666666666667,0.321875
tri-linyah,-0.36,5,0,1,0.0,0.6,0.32
doxylamine,-0.36551724137931035,29,5,11,0.27586206896551724,0.2413793103448276,0.3172413793103448
mononessa,-0.36666666666666664,51,10,26,0.0,0.3333333333333333,0.31666666666666665
ativan,-0.36792452830188677,53,5,15,0.018867924528301886,0.16981132075471697,0.3160377358490566
ziac,-0.375,4,0,1,0.0,0.0,0.3125
exforge,-0.375,12,0,4,0.08333333333333333,0.08333333333333333,0.3125
multaq,-0.375,4,0,1,0.0,0.0,0.3125
angeliq,-0.375,4,1,2,0.25,0.5,0.3125
tanzeum,-0.375,4,0,1,0.25,0.0,0.3125
desoxyn,-0.375,4,0,1,0.25,0.5,0.3125
hizentra,-0.375,4,0,1,0.0,0.0,0.3125
beyaz,-0.37586206896551727,29,1,11,0.034482758620689655,0.27586206896551724,0.3120689655172414
gildess fe 1.5 / 30,-0.37777777777777777,9,0,2,0.1111111111111111,0.5555555555555556,0.3111111111111111
suvorexant,-0.3904761904761905,63,5,17,0.2857142857142857,0.15873015873015872,0.3047619047619048
tradjenta,-0.4,5,0,2,0.0,0.0,0.3
multivitamin with iron,-0.4,5,0,2,0.0,0.2,0.3
enskyce,-0.4,2,0,0,0.0,0.0,0.3
cryselle,-0.4,22,1,9,0.045454545454545456,0.3181818181818182,0.3
d.h.e. 45,-0.4,2,0,0,0.0,0.0,0.3
trileptal,-0.4,10,0,2,0.1,0.2,0.3
alphagan p,-0.4,2,0,0,0.0,0.0,0.3
bupropion / naltrexone,-0.40206611570247935,242,29,64,0.04132231404958678,0.3760330578512397,0.2989669421487603
naloxegol,-0.40588235294117647,34,5,3,0.08823529411764706,0.23529411764705882,0.29705882352941176
contrave,-0.406425702811245,249,21,52,0.060240963855421686,0.40562248995983935,0.2967871485943775
tresiba,-0.4090909090909091,11,0,4,0.0,0.0,0.2954545454545454
vivelle-dot,-0.4166666666666667,6,0,1,0.0,0.0,0.29166666666666663
linezolid,-0.4166666666666667,6,1,3,0.0,0.16666666666666666,0.29166666666666663
xylometazoline,-0.42000000000000004,5,1,0,0.0,0.2,0.29
emsam,-0.42500000000000004,4,0,0,0.0,0.5,0.2875
hydralazine,-0.42857142857142855,7,0,2,0.42857142857142855,0.14285714285714285,0.2857142857142857
arimidex,-0.42857142857142855,14,1,7,0.0,0.21428571428571427,0.2857142857142857
drospirenone / estradiol,-0.42857142857142855,7,1,3,0.2857142857142857,0.0,0.2857142857142857
digoxin,-0.43333333333333335,3,0,0,0.3333333333333333,0.3333333333333333,0.2833333333333333
tetracycline,-0.43333333333333335,3,0,0,0.0,0.3333333333333333,0.2833333333333333
tekturna,-0.43333333333333335,3,0,0,0.0,0.3333333333333333,0.2833333333333333
ethinyl estradiol / ethynodiol,-0.43333333333333335,18,2,9,0.0,0.3333333333333333,0.2833333333333333
conjugated estrogens / medroxyprogesterone,-0.43333333333333335,3,0,0,0.3333333333333333,0.0,0.2833333333333333
ondansetron,-0.4370967741935484,62,12,37,0.016129032258064516,0.11290322580645161,0.2814516129032258
antabuse,-0.43846153846153846,13,1,3,0.0,0.15384615384615385,0.28076923076923077
saxenda,-0.43979591836734694,98,9,22,0.04081632653061224,0.35714285714285715,0.2801020408163265
doxylamine / pyridoxine,-0.4421052631578948,19,4,10,0.0,0.47368421052631576,0.2789473684210526
goserelin,-0.4444444444444444,9,1,5,0.3333333333333333,0.2222222222222222,0.2777777777777778
levo-dromoran,-0.45,2,0,0,0.0,0.0,0.275
lybrel,-0.45,4,0,1,0.0,0.0,0.275
incivek,-0.45,2,0,0,0.0,0.0,0.275
actemra,-0.45,4,0,1,0.0,0.25,0.275
tenuate dospan,-0.45,2,0,0,0.5,0.0,0.275
vimpat,-0.4523809523809524,21,1,9,0.23809523809523808,0.23809523809523808,0.27380952380952384
ulipristal,-0.4571428571428572,14,1,6,0.07142857142857142,0.14285714285714285,0.2714285714285714
norflex,-0.4666666666666666,3,0,0,0.0,0.3333333333333333,0.2666666666666667
actiq,-0.4666666666666666,3,0,0,0.0,0.0,0.2666666666666667
methadone diskets,-0.4666666666666666,3,0,0,0.0,0.0,0.2666666666666667
naltrexone,-0.46734693877551026,49,6,3,0.10204081632653061,0.3469387755102041,0.26632653061224487
acetaminophen / diphenhydramine,-0.475,4,0,1,0.0,0.0,0.2625
bontril slow release,-0.48,10,0,3,0.0,0.1,0.26
vivitrol,-0.48333333333333334,24,2,1,0.0,0.20833333333333334,0.2583333333333333
zofran,-0.48484848484848486,33,5,18,0.030303030303030304,0.09090909090909091,0.25757575757575757
fexofenadine / pseudoephedrine,-0.4875,8,1,4,0.0,0.375,0.25625
safyral,-0.4916666666666667,12,0,4,0.0,0.25,0.25416666666666665
voltaren-xr,-0.5,1,0,0,0.0,0.0,0.25
gemifloxacin,-0.5,1,0,0,0.0,0.0,0.25
niravam,-0.5,4,1,3,0.0,0.25,0.25
TRIAZOLAM,-0.5,1,0,0,0.0,1.0,0.25
rifampin,-0.5,2,0,1,0.0,0.0,0.25
gadoxetate disodium,-0.5,1,0,0,0.0,0.0,0.25
oleptro,-0.5,2,0,1,0.0,0.5,0.25
piperacillin / tazobactam,-0.5,2,0,1,0.0,0.0,0.25
ibrance,-0.5,3,0,1,0.0,0.0,0.25
simponi aria,-0.5,1,0,0,0.0,1.0,0.25
botox cosmetic,-0.5,2,0,1,0.0,0.0,0.25
kionex,-0.5,1,0,0,0.0,0.0,0.25
volumen,-0.5,1,0,0,0.0,0.0,0.25
empagliflozin / linagliptin,-0.5,2,0,1,0.0,0.0,0.25
novantrone,-0.5,1,0,0,0.0,0.0,0.25
oxydose,-0.5,1,0,0,0.0,0.0,0.25
AMITRIPTYLINE HYDROCHLORIDE,-0.5,1,0,0,0.0,1.0,0.25
oxtellar xr,-0.5,1,0,0,0.0,1.0,0.25
megace,-0.5,2,0,1,0.5,0.0,0.25
aromasin,-0.5,2,0,1,0.0,0.0,0.25
fluocinolone,-0.5,2,0,1,0.0,0.0,0.25
flurazepam,-0.5,8,0,4,0.125,0.0,0.25
tranxene,-0.5,4,0,1,0.0,0.0,0.25
crizotinib,-0.5,1,0,0,0.0,0.0,0.25
budeprion sr,-0.5,1,0,0,0.0,0.0,0.25
epclusa,-0.5,14,2,9,0.14285714285714285,0.42857142857142855,0.25
vidaza,-0.5,2,0,1,0.0,0.0,0.25
cefzil,-0.5,2,0,0,0.0,0.0,0.25
celestone,-0.5,1,0,0,0.0,0.0,0.25
loestrin fe 1 / 20,-0.5,1,0,0,0.0,0.0,0.25
cardizem cd,-0.5,1,0,0,0.0,0.0,0.25
lomaira,-0.5,2,0,0,0.5,0.5,0.25
risperdal m-tab,-0.5,1,0,0,0.0,0.0,0.25
thioridazine,-0.5,1,0,0,0.0,0.0,0.25
sublimaze,-0.5,1,0,0,1.0,0.0,0.25
gavilyte-c,-0.5,1,0,0,0.0,0.0,0.25
clindesse,-0.5,1,0,0,0.0,0.0,0.25
tambocor,-0.5,2,0,1,0.0,0.5,0.25
adenosine,-0.5,2,0,0,0.0,0.0,0.25
ventolin,-0.5,1,0,0,0.0,0.0,0.25
natesto,-0.5,1,0,0,1.0,1.0,0.25
maxifed dm,-0.5,1,0,0,0.0,0.0,0.25
mycophenolic acid,-0.5,1,0,0,0.0,0.0,0.25
myobloc,-0.5,1,0,0,0.0,0.0,0.25
depo-medrol,-0.5,2,0,1,0.0,0.5,0.25
gleevec,-0.5,6,0,3,0.0,0.3333333333333333,0.25
cedax,-0.5,1,0,0,0.0,0.0,0.25
cafergot,-0.5,4,0,2,0.0,0.0,0.25
methyldopa,-0.5,1,0,0,1.0,1.0,0.25
avapro,-0.5,2,0,1,0.0,0.0,0.25
methimazole,-0.5,3,0,1,0.0,0.3333333333333333,0.25
trinessa lo,-0.5,2,0,1,0.5,0.0,0.25
micardis,-0.5,6,0,3,0.16666666666666666,0.3333333333333333,0.25
miconazole / zinc oxide,-0.5,2,0,1,0.0,0.0,0.25
miltown,-0.5,1,0,0,0.0,0.0,0.25
prograf,-0.5,1,0,0,0.0,1.0,0.25
humalog,-0.5,1,0,0,0.0,0.0,0.25
targretin,-0.5,1,0,0,0.0,0.0,0.25
aggrenox,-0.5,1,0,0,0.0,0.0,0.25
clozaril,-0.5,1,0,0,0.0,0.0,0.25
lonox,-0.5,1,0,0,0.0,0.0,0.25
anakinra,-0.5,1,0,0,0.0,0.0,0.25
sarafem,-0.5,1,0,0,0.0,0.0,0.25
cyclogyl,-0.5,1,0,0,0.0,0.0,0.25
mibelas 24 fe,-0.5,4,0,2,0.0,0.25,0.25
red yeast rice,-0.5,1,0,0,0.0,0.0,0.25
activella,-0.5,1,0,0,0.0,0.0,0.25
halcion,-0.5,6,0,2,0.16666666666666666,0.0,0.25
moderiba,-0.5,1,0,0,0.0,0.0,0.25
aptensio xr,-0.5,2,0,1,1.0,0.0,0.25
atropine / difenoxin,-0.5,1,0,0,0.0,0.0,0.25
regadenoson,-0.5,4,0,2,0.5,0.0,0.25
droperidol,-0.5,1,0,0,0.0,0.0,0.25
zestril,-0.5,1,0,0,0.0,0.0,0.25
pataday,-0.5,1,0,0,0.0,0.0,0.25
xeomin,-0.5,1,0,0,0.0,1.0,0.25
iressa,-0.5,2,0,1,0.0,0.5,0.25
sotalol,-0.5,4,0,1,0.25,0.0,0.25
ipratropium,-0.5,1,0,0,0.0,0.0,0.25
solu-medrol,-0.5,2,0,0,0.0,0.0,0.25
basaglar,-0.5,1,0,0,0.0,0.0,0.25
chlorpheniramine / dextromethorphan / pseudoephedrine,-0.5,1,0,0,0.0,0.0,0.25
nicorette,-0.5142857142857143,7,0,0,0.0,0.14285714285714285,0.24285714285714283
unisom sleeptabs,-0.5142857142857143,7,0,2,0.14285714285714285,0.5714285714285714,0.24285714285714283
dulaglutide,-0.5272727272727272,55,5,21,0.03636363636363636,0.2545454545454545,0.2363636363636364
tinidazole,-0.53,10,0,4,0.0,0.2,0.235
denosumab,-0.5333333333333333,15,1,8,0.06666666666666667,0.2,0.23333333333333334
zubsolv,-0.5416666666666666,12,2,0,0.4166666666666667,0.5,0.22916666666666669
tirosint,-0.5428571428571428,7,1,3,0.0,0.0,0.2285714285714286
bisoprolol / hydrochlorothiazide,-0.5428571428571428,7,1,4,0.0,0.14285714285714285,0.2285714285714286
nardil,-0.5499999999999999,6,0,2,0.3333333333333333,0.0,0.22500000000000003
catapres,-0.55,10,1,1,0.0,0.0,0.22499999999999998
cabergoline,-0.5714285714285714,7,0,3,0.0,0.42857142857142855,0.2142857142857143
lessina,-0.5833333333333334,6,0,3,0.0,0.3333333333333333,0.20833333333333331
ultracet,-0.6,4,0,1,0.0,0.25,0.2
phosphorated carbohydrate solution,-0.6111111111111112,9,1,6,0.0,0.0,0.19444444444444442
pylera,-0.6176470588235294,17,1,11,0.0,0.23529411764705882,0.19117647058823528
horizant,-0.6333333333333333,3,0,1,0.0,0.0,0.18333333333333335
erlotinib,-0.6625,8,0,4,0.375,0.125,0.16875
prochlorperazine,-0.6625,24,2,16,0.041666666666666664,0.08333333333333333,0.16875
smz-tmp ds,-0.6666666666666666,3,0,2,0.0,0.3333333333333333,0.16666666666666669
amethia,-0.6666666666666666,3,0,2,0.0,0.3333333333333333,0.16666666666666669
fulvestrant,-0.6666666666666666,3,0,2,0.0,0.0,0.16666666666666669
diclegis,-0.6727272727272727,11,0,5,0.0,0.36363636363636365,0.16363636363636364
desyrel,-0.7,5,0,3,0.4,0.2,0.15000000000000002
symbyax,-0.7142857142857143,7,0,5,0.0,0.14285714285714285,0.14285714285714285
sacubitril / valsartan,-0.75,2,0,1,0.0,0.0,0.125
adzenys xr-odt,-0.75,2,0,1,0.5,0.0,0.125
hyoscyamine / methenamine / methylene blue / phenyl salicylate / sodium biphosphate,-0.75,2,0,1,0.5,0.0,0.125
camila,-0.75,4,0,3,0.0,0.75,0.125
femcon fe,-0.75,2,0,1,0.0,0.0,0.125
misoprostol,-0.75,2,0,1,0.0,0.5,0.125
emetrol,-0.75,2,0,1,0.0,0.0,0.125
ozurdex,-0.8,1,0,0,0.0,0.0,0.09999999999999998
requip xl,-0.8,1,0,0,0.0,0.0,0.09999999999999998
collagenase clostridium histolyticum,-0.8,1,0,0,0.0,0.0,0.09999999999999998
FUROSEMIDE,-0.8,1,0,0,0.0,1.0,0.09999999999999998
dovonex,-0.8,1,0,0,0.0,0.0,0.09999999999999998
imitrex nasal,-0.8,1,0,0,0.0,0.0,0.09999999999999998
adoxa,-0.8,1,0,0,0.0,0.0,0.09999999999999998
malathion,-0.8,2,0,0,0.0,0.0,0.09999999999999998
carbidopa / entacapone / levodopa,-0.8,1,0,0,0.0,0.0,0.09999999999999998
flovent hfa,-0.8,1,0,0,0.0,0.0,0.09999999999999998
nateglinide,-0.8,1,0,0,0.0,0.0,0.09999999999999998
torsemide,-0.8,1,0,0,0.0,0.0,0.09999999999999998
butabarbital,-0.8,1,0,0,0.0,0.0,0.09999999999999998
solaraze,-0.8,1,0,0,0.0,0.0,0.09999999999999998
chondroitin / glucosamine / methylsulfonylmethane,-0.8,1,0,0,0.0,1.0,0.09999999999999998
SERTRALINE HYDROCHLORIDE,-0.8,1,0,0,0.0,1.0,0.09999999999999998
insulin lispro,-0.8,1,0,0,0.0,0.0,0.09999999999999998
temodar,-0.8,1,0,0,0.0,0.0,0.09999999999999998
itraconazole,-0.8333333333333334,3,0,2,0.3333333333333333,0.0,0.08333333333333331
zofran odt,-0.8555555555555556,9,0,6,0.0,0.1111111111111111,0.07222222222222219
amlodipine / hydrochlorothiazide / olmesartan,-0.875,4,0,3,0.0,0.5,0.0625
epoetin alfa,-0.9,2,0,1,0.0,0.0,0.04999999999999999
brivaracetam,-0.9,1,0,0,0.0,0.0,0.04999999999999999
benazepril,-0.9,2,0,1,0.0,0.0,0.04999999999999999
abstral,-0.9,1,0,0,0.0,0.0,0.04999999999999999
levemir,-0.9,1,0,0,0.0,0.0,0.04999999999999999
adipost,-0.9,1,0,0,0.0,0.0,0.04999999999999999
revia,-0.9,1,0,0,0.0,1.0,0.04999999999999999
ethotoin,-0.9,1,0,0,1.0,0.0,0.04999999999999999
sharobel,-0.9666666666666667,3,0,2,0.0,0.3333333333333333,0.016666666666666663
tekturna hct,-1.0,1,0,1,0.0,0.0,0.0
telaprevir,-1.0,1,0,1,0.0,0.0,0.0
lo / ovral-28,-1.0,1,0,1,0.0,0.0,0.0
duavee,-1.0,1,0,1,0.0,0.0,0.0
cinacalcet,-1.0,1,0,1,0.0,0.0,0.0
diamox sequels,-1.0,1,0,1,0.0,0.0,0.0
pulmicort turbuhaler,-1.0,1,0,1,0.0,0.0,0.0
disopyramide,-1.0,1,0,1,0.0,0.0,0.0
diphenhydramine / ibuprofen,-1.0,1,0,1,0.0,0.0,0.0
zoster vaccine live,-1.0,1,0,1,0.0,0.0,0.0
OXYBUTYNIN,-1.0,1,0,1,0.0,1.0,0.0
chloromycetin,-1.0,1,0,1,1.0,0.0,0.0
ovide,-1.0,1,0,1,0.0,0.0,0.0
oxaydo,-1.0,1,0,1,0.0,1.0,0.0
balziva,-1.0,2,0,2,0.0,0.5,0.0
doxy 100,-1.0,2,0,2,0.0,0.0,0.0
palbociclib,-1.0,1,0,1,0.0,1.0,0.0
albenza,-1.0,1,0,1,0.0,0.0,0.0
premphase,-1.0,1,0,1,0.0,0.0,0.0
hydromet,-1.0,2,0,2,0.0,0.0,0.0
prenatabs fa,-1.0,1,0,1,0.0,0.0,0.0
ferric citrate,-1.0,1,0,1,0.0,0.0,0.0
trimethobenzamide,-1.0,3,0,3,0.0,0.0,0.0
microgestin 1.5 / 30,-1.0,1,0,1,0.0,0.0,0.0
ferrous gluconate,-1.0,1,0,1,0.0,0.0,0.0
tribenzor,-1.0,1,0,1,0.0,0.0,0.0
menthol / zinc oxide,-1.0,2,0,2,0.5,0.0,0.0
mono-linyah,-1.0,1,0,1,0.0,0.0,0.0
calamine,-1.0,1,0,1,0.0,0.0,0.0
felbatol,-1.0,1,0,1,0.0,0.0,0.0
atovaquone,-1.0,1,0,1,0.0,0.0,0.0
trental,-1.0,1,0,1,0.0,0.0,0.0
flagyl er,-1.0,1,0,1,0.0,0.0,0.0
remeron soltab,-1.0,1,0,1,0.0,1.0,0.0
capecitabine,-1.0,1,0,1,0.0,1.0,0.0
marinol,-1.0,2,0,2,0.0,0.0,0.0
maprotiline,-1.0,1,0,1,0.0,0.0,0.0
ponatinib,-1.0,1,0,1,0.0,0.0,0.0
heme iron polypeptide,-1.0,1,0,1,0.0,1.0,0.0
roxicet,-1.0,1,0,1,0.0,0.0,0.0
tri-estarylla,-1.0,2,0,2,0.0,0.5,0.0
caziant,-1.0,1,0,1,0.0,0.0,0.0
lomedia 24 fe,-1.0,1,0,1,0.0,0.0,0.0
compazine,-1.0,7,0,7,0.0,0.0,0.0
combivir,-1.0,1,0,1,0.0,0.0,0.0
ethambutol,-1.0,1,0,1,0.0,0.0,0.0
ginger,-1.0,1,0,1,0.0,0.0,0.0
synalar ointment,-1.0,1,0,1,0.0,0.0,0.0
herceptin,-1.0,1,0,1,0.0,0.0,0.0
flagyl iv,-1.0,1,0,1,0.0,0.0,0.0
hetlioz,-1.0,1,0,1,0.0,0.0,0.0
valerian,-1.0,1,0,1,0.0,0.0,0.0
ruxolitinib,-1.0,1,0,1,0.0,0.0,0.0
uroxatral,-1.0,1,0,1,0.0,1.0,0.0
prometrium,-1.0,1,0,1,0.0,0.0,0.0
danocrine,-1.0,1,0,1,0.0,0.0,0.0
antara,-1.0,1,0,1,0.0,0.0,0.0
dasatinib,-1.0,3,0,3,0.0,0.0,0.0
dasetta 7 / 7 / 7,-1.0,1,0,1,0.0,1.0,0.0
mucinex fast-max severe congestion & cough,-1.0,1,0,1,0.0,0.0,0.0
garlic,-1.0,1,0,1,0.0,1.0,0.0
camreselo,-1.0,1,0,1,0.0,1.0,0.0
citrate of magnesia,-1.0,1,0,1,0.0,0.0,0.0
"influenza virus vaccine, inactivated",-1.0,1,0,1,0.0,0.0,0.0
edluar,-1.0,1,0,1,1.0,0.0,0.0
xalkori,-1.0,1,0,1,0.0,0.0,0.0
depo-subq provera 104,-1.0,1,0,1,0.0,1.0,0.0
neupogen,-1.0,1,0,1,0.0,0.0,0.0
hyzine,-1.0,1,0,1,0.0,1.0,0.0
allergy dn pe,-1.0,1,0,1,0.0,0.0,0.0
inapsine,-1.0,1,0,1,0.0,0.0,0.0
vitamin d3,-1.0,1,0,1,0.0,0.0,0.0
emend,-1.0,2,0,2,0.0,0.5,0.0
vestura,-1.0,1,0,1,0.0,1.0,0.0
ritonavir,-1.0,1,0,1,0.0,0.0,0.0
afinitor,-1.0,1,0,1,0.0,0.0,0.0
tigan,-1.0,1,0,1,0.0,0.0,0.0
gefitinib,-1.0,2,0,2,0.0,1.0,0.0
carbatrol,-1.0,1,0,1,0.0,1.0,0.0
claritin-d 12 hour,-1.0,1,0,1,0.0,0.0,0.0
gamunex,-1.0,1,0,1,0.0,0.0,0.0
fulvicin u / f,-1.0,1,0,1,0.0,1.0,0.0
rifabutin,-1.0,1,0,1,0.0,0.0,0.0
zebeta,-1.0,1,0,1,0.0,0.0,0.0
zecuity,-1.0,1,0,1,0.0,0.0,0.0
zestoretic,-1.0,1,0,1,0.0,0.0,0.0
magnesium sulfate,-1.0,1,0,1,0.0,0.0,0.0
alprazolam intensol,-1.0,1,0,1,0.0,0.0,0.0
VARENICLINE TARTRATE,-1.0,1,0,1,0.0,1.0,0.0
ogestrel-28,-1.0,1,0,1,0.0,0.0,0.0
odefsey,-1.0,1,0,1,0.0,0.0,0.0
immune globulin intravenous and subcutaneous,-1.0,1,0,1,0.0,0.0,0.0
detrol la,-1.0,1,0,1,0.0,0.0,0.0
sodium ferric gluconate complex,-1.0,1,0,1,0.0,0.0,0.0
pacerone,-1.0,1,0,1,0.0,0.0,0.0
